GEO.id,GEO.id2,GEO.display-label,NAICS.id,NAICS.display-label,YEAR.id,ESTAB,EMP,PAYQTR1,PAYANN
Geographic identifier code,Id2,Geographic area name,2012 NAICS code,Meaning of 2012 NAICS code,Year,Number of establishments,Paid employees for pay period including March 12 (number),"First-quarter payroll ($1,000)","Annual payroll ($1,000)"
8610000US40003,40003,"ZIP 40003 (Bagdad, KY)",00,Total for all sectors,2012,21,212,1135,4176
8610000US40004,40004,"ZIP 40004 (Bardstown, KY)",00,Total for all sectors,2012,695,11377,90431,382336
8610000US40006,40006,"ZIP 40006 (Bedford, KY)",00,Total for all sectors,2012,44,e,S,20167
8610000US40007,40007,"ZIP 40007 (Bethlehem, KY)",00,Total for all sectors,2012,2,a,D,D
8610000US40008,40008,"ZIP 40008 (Bloomfield, KY)",00,Total for all sectors,2012,46,216,1300,5474
8610000US40009,40009,"ZIP 40009 (Bradfordsville, KY)",00,Total for all sectors,2012,6,a,D,D
8610000US40010,40010,"ZIP 40010 (Buckner, KY)",00,Total for all sectors,2012,45,1074,10483,44442
8610000US40011,40011,"ZIP 40011 (Campbellsburg, KY)",00,Total for all sectors,2012,28,200,1271,6122
8610000US40012,40012,"ZIP 40012 (Chaplin, KY)",00,Total for all sectors,2012,10,38,212,893
8610000US40013,40013,"ZIP 40013 (Coxs Creek, KY)",00,Total for all sectors,2012,60,237,1517,7406
8610000US40014,40014,"ZIP 40014 (Crestwood, KY)",00,Total for all sectors,2012,422,2337,14754,64130
8610000US40018,40018,"ZIP 40018 (Eastwood, KY)",00,Total for all sectors,2012,4,b,D,D
8610000US40019,40019,"ZIP 40019 (Eminence, KY)",00,Total for all sectors,2012,61,875,7695,30032
8610000US40020,40020,"ZIP 40020 (Fairfield, KY)",00,Total for all sectors,2012,1,a,D,D
8610000US40022,40022,"ZIP 40022 (Finchville, KY)",00,Total for all sectors,2012,19,b,445,2165
8610000US40023,40023,"ZIP 40023 (Fisherville, KY)",00,Total for all sectors,2012,73,192,1205,5782
8610000US40025,40025,"ZIP 40025 (Glenview, KY)",00,Total for all sectors,2012,5,a,86,646
8610000US40026,40026,"ZIP 40026 (Goshen, KY)",00,Total for all sectors,2012,85,380,2517,12909
8610000US40027,40027,"ZIP 40027 (Harrods Creek, KY)",00,Total for all sectors,2012,9,50,361,1526
8610000US40031,40031,"ZIP 40031 (La Grange, KY)",00,Total for all sectors,2012,446,5494,46587,193168
8610000US40032,40032,"ZIP 40032 (La Grange, KY)",00,Total for all sectors,2012,1,a,D,D
8610000US40033,40033,"ZIP 40033 (Lebanon, KY)",00,Total for all sectors,2012,308,6466,53111,211566
8610000US40036,40036,"ZIP 40036 (Lockport, KY)",00,Total for all sectors,2012,1,b,D,D
8610000US40037,40037,"ZIP 40037 (Loretto, KY)",00,Total for all sectors,2012,27,c,D,D
8610000US40040,40040,"ZIP 40040 (Mackville, KY)",00,Total for all sectors,2012,6,11,59,227
8610000US40041,40041,"ZIP 40041 (Masonic Home, KY)",00,Total for all sectors,2012,5,e,D,D
8610000US40045,40045,"ZIP 40045 (Milton, KY)",00,Total for all sectors,2012,32,c,887,4068
8610000US40046,40046,"ZIP 40046 (Mount Eden, KY)",00,Total for all sectors,2012,11,34,155,765
8610000US40047,40047,"ZIP 40047 (Mount Washington, KY)",00,Total for all sectors,2012,252,2093,11093,45575
8610000US40048,40048,"ZIP 40048 (Nazareth, KY)",00,Total for all sectors,2012,4,c,D,D
8610000US40049,40049,"ZIP 40049 (Nerinx, KY)",00,Total for all sectors,2012,1,c,D,D
8610000US40050,40050,"ZIP 40050 (New Castle, KY)",00,Total for all sectors,2012,33,294,1680,6874
8610000US40051,40051,"ZIP 40051 (New Haven, KY)",00,Total for all sectors,2012,61,281,1439,6350
8610000US40052,40052,"ZIP 40052 (New Hope, KY)",00,Total for all sectors,2012,8,b,S,662
8610000US40055,40055,"ZIP 40055 (Pendleton, KY)",00,Total for all sectors,2012,26,215,1021,4444
8610000US40056,40056,"ZIP 40056 (Pewee Valley, KY)",00,Total for all sectors,2012,48,440,3054,12218
8610000US40057,40057,"ZIP 40057 (Pleasureville, KY)",00,Total for all sectors,2012,18,72,S,1634
8610000US40058,40058,"ZIP 40058 (Port Royal, KY)",00,Total for all sectors,2012,4,a,S,61
8610000US40059,40059,"ZIP 40059 (Prospect, KY)",00,Total for all sectors,2012,365,2203,15402,71195
8610000US40060,40060,"ZIP 40060 (Raywick, KY)",00,Total for all sectors,2012,8,b,S,250
8610000US40061,40061,"ZIP 40061 (Saint Catharine, KY)",00,Total for all sectors,2012,2,e,D,D
8610000US40063,40063,"ZIP 40063 (Saint Mary, KY)",00,Total for all sectors,2012,2,c,D,D
8610000US40065,40065,"ZIP 40065 (Shelbyville, KY)",00,Total for all sectors,2012,623,9172,74222,321938
8610000US40066,40066,"ZIP 40066 (Shelbyville, KY)",00,Total for all sectors,2012,24,125,1150,4815
8610000US40067,40067,"ZIP 40067 (Simpsonville, KY)",00,Total for all sectors,2012,124,1526,12229,53188
8610000US40068,40068,"ZIP 40068 (Smithfield, KY)",00,Total for all sectors,2012,28,265,2141,8317
8610000US40069,40069,"ZIP 40069 (Springfield, KY)",00,Total for all sectors,2012,206,2268,16246,67088
8610000US40070,40070,"ZIP 40070 (Sulphur, KY)",00,Total for all sectors,2012,7,51,519,2067
8610000US40071,40071,"ZIP 40071 (Taylorsville, KY)",00,Total for all sectors,2012,163,946,5419,23183
8610000US40075,40075,"ZIP 40075 (Turners Station, KY)",00,Total for all sectors,2012,5,10,48,439
8610000US40076,40076,"ZIP 40076 (Waddy, KY)",00,Total for all sectors,2012,34,e,D,D
8610000US40077,40077,"ZIP 40077 (Westport, KY)",00,Total for all sectors,2012,11,b,124,568
8610000US40078,40078,"ZIP 40078 (Willisburg, KY)",00,Total for all sectors,2012,26,98,310,1480
8610000US40104,40104,"ZIP 40104 (Battletown, KY)",00,Total for all sectors,2012,5,110,1447,6271
8610000US40107,40107,"ZIP 40107 (Boston, KY)",00,Total for all sectors,2012,22,e,D,D
8610000US40108,40108,"ZIP 40108 (Brandenburg, KY)",00,Total for all sectors,2012,223,2236,15896,61419
8610000US40109,40109,"ZIP 40109 (Brooks, KY)",00,Total for all sectors,2012,72,1634,11359,49073
8610000US40110,40110,"ZIP 40110 (Clermont, KY)",00,Total for all sectors,2012,2,e,D,D
8610000US40111,40111,"ZIP 40111 (Cloverport, KY)",00,Total for all sectors,2012,20,145,605,2183
8610000US40115,40115,"ZIP 40115 (Custer, KY)",00,Total for all sectors,2012,4,a,53,229
8610000US40117,40117,"ZIP 40117 (Ekron, KY)",00,Total for all sectors,2012,27,123,592,2226
8610000US40118,40118,"ZIP 40118 (Fairdale, KY)",00,Total for all sectors,2012,78,861,5837,26769
8610000US40119,40119,"ZIP 40119 (Falls of Rough, KY)",00,Total for all sectors,2012,21,b,S,2332
8610000US40121,40121,"ZIP 40121 (Fort Knox, KY)",00,Total for all sectors,2012,91,2417,30766,117443
8610000US40122,40122,"ZIP 40122 (Fort Knox, KY)",00,Total for all sectors,2012,3,c,D,D
8610000US40129,40129,"ZIP 40129 (Hillview, KY)",00,Total for all sectors,2012,1,a,D,D
8610000US40140,40140,"ZIP 40140 (Garfield, KY)",00,Total for all sectors,2012,3,b,D,D
8610000US40142,40142,"ZIP 40142 (Guston, KY)",00,Total for all sectors,2012,10,a,99,268
8610000US40143,40143,"ZIP 40143 (Hardinsburg, KY)",00,Total for all sectors,2012,154,1684,10950,46771
8610000US40144,40144,"ZIP 40144 (Harned, KY)",00,Total for all sectors,2012,14,b,D,D
8610000US40145,40145,"ZIP 40145 (Hudson, KY)",00,Total for all sectors,2012,7,20,S,727
8610000US40146,40146,"ZIP 40146 (Irvington, KY)",00,Total for all sectors,2012,39,300,1728,8073
8610000US40150,40150,"ZIP 40150 (Lebanon Junction, KY)",00,Total for all sectors,2012,47,g,D,D
8610000US40152,40152,"ZIP 40152 (Mc Daniels, KY)",00,Total for all sectors,2012,15,b,D,D
8610000US40153,40153,"ZIP 40153 (Mc Quady, KY)",00,Total for all sectors,2012,1,a,D,D
8610000US40155,40155,"ZIP 40155 (Muldraugh, KY)",00,Total for all sectors,2012,22,369,3894,15950
8610000US40157,40157,"ZIP 40157 (Payneville, KY)",00,Total for all sectors,2012,5,a,80,373
8610000US40159,40159,"ZIP 40159 (Radcliff, KY)",00,Total for all sectors,2012,7,f,D,D
8610000US40160,40160,"ZIP 40160 (Radcliff, KY)",00,Total for all sectors,2012,396,4704,26362,108443
8610000US40161,40161,"ZIP 40161 (Rhodelia, KY)",00,Total for all sectors,2012,2,a,D,D
8610000US40162,40162,"ZIP 40162 (Rineyville, KY)",00,Total for all sectors,2012,47,154,827,4116
8610000US40165,40165,"ZIP 40165 (Shepherdsville, KY)",00,Total for all sectors,2012,530,8703,58612,265974
8610000US40170,40170,"ZIP 40170 (Stephensport, KY)",00,Total for all sectors,2012,2,a,D,D
8610000US40171,40171,"ZIP 40171 (Union Star, KY)",00,Total for all sectors,2012,3,c,D,D
8610000US40175,40175,"ZIP 40175 (Vine Grove, KY)",00,Total for all sectors,2012,111,511,2754,12023
8610000US40176,40176,"ZIP 40176 (Webster, KY)",00,Total for all sectors,2012,8,b,D,D
8610000US40177,40177,"ZIP 40177 (West Point, KY)",00,Total for all sectors,2012,21,b,410,2030
8610000US40178,40178,"ZIP 40178 (Westview, KY)",00,Total for all sectors,2012,2,a,D,D
8610000US40201,40201,"ZIP 40201 (Louisville, KY)",00,Total for all sectors,2012,31,f,S,41149
8610000US40202,40202,"ZIP 40202 (Louisville, KY)",00,Total for all sectors,2012,1543,54416,912541,3171046
8610000US40203,40203,"ZIP 40203 (Louisville, KY)",00,Total for all sectors,2012,511,11764,95865,383663
8610000US40204,40204,"ZIP 40204 (Louisville, KY)",00,Total for all sectors,2012,500,7151,57167,240261
8610000US40205,40205,"ZIP 40205 (Louisville, KY)",00,Total for all sectors,2012,623,10196,101750,413139
8610000US40206,40206,"ZIP 40206 (Louisville, KY)",00,Total for all sectors,2012,607,11628,125873,509161
8610000US40207,40207,"ZIP 40207 (Louisville, KY)",00,Total for all sectors,2012,1566,24949,229808,970895
8610000US40208,40208,"ZIP 40208 (Louisville, KY)",00,Total for all sectors,2012,295,5146,46020,193840
8610000US40209,40209,"ZIP 40209 (Louisville, KY)",00,Total for all sectors,2012,224,5964,58254,240407
8610000US40210,40210,"ZIP 40210 (Louisville, KY)",00,Total for all sectors,2012,184,5792,78164,381356
8610000US40211,40211,"ZIP 40211 (Louisville, KY)",00,Total for all sectors,2012,290,5689,63253,238696
8610000US40212,40212,"ZIP 40212 (Louisville, KY)",00,Total for all sectors,2012,126,1465,9437,37940
8610000US40213,40213,"ZIP 40213 (Louisville, KY)",00,Total for all sectors,2012,765,29577,453255,1750876
8610000US40214,40214,"ZIP 40214 (Louisville, KY)",00,Total for all sectors,2012,662,12084,108495,444532
8610000US40215,40215,"ZIP 40215 (Louisville, KY)",00,Total for all sectors,2012,204,2790,26031,111315
8610000US40216,40216,"ZIP 40216 (Louisville, KY)",00,Total for all sectors,2012,641,10790,90674,370126
8610000US40217,40217,"ZIP 40217 (Louisville, KY)",00,Total for all sectors,2012,276,5685,50812,206423
8610000US40218,40218,"ZIP 40218 (Louisville, KY)",00,Total for all sectors,2012,937,19277,165932,698245
8610000US40219,40219,"ZIP 40219 (Louisville, KY)",00,Total for all sectors,2012,790,17047,159903,730773
8610000US40220,40220,"ZIP 40220 (Louisville, KY)",00,Total for all sectors,2012,609,10556,85398,341029
8610000US40221,40221,"ZIP 40221 (Louisville, KY)",00,Total for all sectors,2012,11,c,S,5556
8610000US40222,40222,"ZIP 40222 (Louisville, KY)",00,Total for all sectors,2012,1110,22632,254959,998999
8610000US40223,40223,"ZIP 40223 (Louisville, KY)",00,Total for all sectors,2012,1100,25006,412838,1583458
8610000US40224,40224,"ZIP 40224 (Louisville, KY)",00,Total for all sectors,2012,3,c,D,D
8610000US40225,40225,"ZIP 40225 (Louisville, KY)",00,Total for all sectors,2012,16,g,D,D
8610000US40228,40228,"ZIP 40228 (Louisville, KY)",00,Total for all sectors,2012,288,3408,27382,113270
8610000US40229,40229,"ZIP 40229 (Louisville, KY)",00,Total for all sectors,2012,361,10053,120986,386345
8610000US40231,40231,"ZIP 40231 (Louisville, KY)",00,Total for all sectors,2012,3,48,338,911
8610000US40232,40232,"ZIP 40232 (Louisville, KY)",00,Total for all sectors,2012,15,890,17802,60094
8610000US40233,40233,"ZIP 40233 (Louisville, KY)",00,Total for all sectors,2012,8,b,747,3370
8610000US40241,40241,"ZIP 40241 (Louisville, KY)",00,Total for all sectors,2012,661,10404,76456,318167
8610000US40242,40242,"ZIP 40242 (Louisville, KY)",00,Total for all sectors,2012,111,1004,5628,21776
8610000US40243,40243,"ZIP 40243 (Louisville, KY)",00,Total for all sectors,2012,576,7386,61946,250619
8610000US40245,40245,"ZIP 40245 (Louisville, KY)",00,Total for all sectors,2012,486,5270,43385,183581
8610000US40250,40250,"ZIP 40250 (Louisville, KY)",00,Total for all sectors,2012,4,14,82,355
8610000US40251,40251,"ZIP 40251 (Louisville, KY)",00,Total for all sectors,2012,2,a,D,D
8610000US40252,40252,"ZIP 40252 (Louisville, KY)",00,Total for all sectors,2012,16,127,732,2903
8610000US40253,40253,"ZIP 40253 (Louisville, KY)",00,Total for all sectors,2012,16,124,900,3551
8610000US40255,40255,"ZIP 40255 (Louisville, KY)",00,Total for all sectors,2012,5,a,D,D
8610000US40256,40256,"ZIP 40256 (Louisville, KY)",00,Total for all sectors,2012,11,140,1299,6600
8610000US40257,40257,"ZIP 40257 (Louisville, KY)",00,Total for all sectors,2012,5,b,D,D
8610000US40258,40258,"ZIP 40258 (Louisville, KY)",00,Total for all sectors,2012,407,8911,75597,308526
8610000US40259,40259,"ZIP 40259 (Louisville, KY)",00,Total for all sectors,2012,9,c,D,D
8610000US40261,40261,"ZIP 40261 (Louisville, KY)",00,Total for all sectors,2012,5,c,D,D
8610000US40266,40266,"ZIP 40266 (Louisville, KY)",00,Total for all sectors,2012,1,c,D,D
8610000US40268,40268,"ZIP 40268 (Louisville, KY)",00,Total for all sectors,2012,6,22,303,1358
8610000US40269,40269,"ZIP 40269 (Louisville, KY)",00,Total for all sectors,2012,11,123,510,2697
8610000US40270,40270,"ZIP 40270 (Louisville, KY)",00,Total for all sectors,2012,4,b,D,D
8610000US40272,40272,"ZIP 40272 (Louisville, KY)",00,Total for all sectors,2012,370,4062,28340,117622
8610000US40280,40280,"ZIP 40280 (Louisville, KY)",00,Total for all sectors,2012,3,f,D,D
8610000US40289,40289,"ZIP 40289 (Louisville, KY)",00,Total for all sectors,2012,1,a,D,D
8610000US40291,40291,"ZIP 40291 (Louisville, KY)",00,Total for all sectors,2012,488,4247,22741,94503
8610000US40292,40292,"ZIP 40292 (Louisville, KY)",00,Total for all sectors,2012,12,172,1069,11251
8610000US40295,40295,"ZIP 40295 (Louisville, KY)",00,Total for all sectors,2012,1,a,D,D
8610000US40297,40297,"ZIP 40297 (Louisville, KY)",00,Total for all sectors,2012,1,a,D,D
8610000US40298,40298,"ZIP 40298 (Louisville, KY)",00,Total for all sectors,2012,1,a,D,D
8610000US40299,40299,"ZIP 40299 (Louisville, KY)",00,Total for all sectors,2012,1496,30215,317177,1271090
8610000US40310,40310,"ZIP 40310 (Burgin, KY)",00,Total for all sectors,2012,19,c,D,D
8610000US40311,40311,"ZIP 40311 (Carlisle, KY)",00,Total for all sectors,2012,76,549,3230,13574
8610000US40312,40312,"ZIP 40312 (Clay City, KY)",00,Total for all sectors,2012,58,528,3650,11208
8610000US40313,40313,"ZIP 40313 (Clearfield, KY)",00,Total for all sectors,2012,18,67,249,1125
8610000US40316,40316,"ZIP 40316 (Denniston, KY)",00,Total for all sectors,2012,1,a,D,D
8610000US40319,40319,"ZIP 40319 (Farmers, KY)",00,Total for all sectors,2012,3,b,D,D
8610000US40322,40322,"ZIP 40322 (Frenchburg, KY)",00,Total for all sectors,2012,45,421,2077,8888
8610000US40324,40324,"ZIP 40324 (Georgetown, KY)",00,Total for all sectors,2012,802,20653,244882,952495
8610000US40328,40328,"ZIP 40328 (Gravel Switch, KY)",00,Total for all sectors,2012,10,22,91,414
8610000US40330,40330,"ZIP 40330 (Harrodsburg, KY)",00,Total for all sectors,2012,323,4683,45388,200893
8610000US40334,40334,"ZIP 40334 (Hope, KY)",00,Total for all sectors,2012,1,b,D,D
8610000US40336,40336,"ZIP 40336 (Irvine, KY)",00,Total for all sectors,2012,163,1526,9834,39641
8610000US40337,40337,"ZIP 40337 (Jeffersonville, KY)",00,Total for all sectors,2012,23,153,974,4175
8610000US40339,40339,"ZIP 40339 (Keene, KY)",00,Total for all sectors,2012,4,a,S,111
8610000US40340,40340,"ZIP 40340 (Nicholasville, KY)",00,Total for all sectors,2012,17,122,1263,5053
8610000US40342,40342,"ZIP 40342 (Lawrenceburg, KY)",00,Total for all sectors,2012,321,3317,25176,104189
8610000US40346,40346,"ZIP 40346 (Means, KY)",00,Total for all sectors,2012,6,c,D,D
8610000US40347,40347,"ZIP 40347 (Midway, KY)",00,Total for all sectors,2012,55,789,4937,21035
8610000US40348,40348,"ZIP 40348 (Millersburg, KY)",00,Total for all sectors,2012,8,e,D,D
8610000US40350,40350,"ZIP 40350 (Moorefield, KY)",00,Total for all sectors,2012,1,a,D,D
8610000US40351,40351,"ZIP 40351 (Morehead, KY)",00,Total for all sectors,2012,452,7393,51099,206959
8610000US40353,40353,"ZIP 40353 (Mount Sterling, KY)",00,Total for all sectors,2012,490,9606,70836,293718
8610000US40355,40355,"ZIP 40355 (New Liberty, KY)",00,Total for all sectors,2012,2,a,D,D
8610000US40356,40356,"ZIP 40356 (Nicholasville, KY)",00,Total for all sectors,2012,908,12132,98612,406679
8610000US40357,40357,"ZIP 40357 (North Middletown, KY)",00,Total for all sectors,2012,4,30,126,549
8610000US40358,40358,"ZIP 40358 (Olympia, KY)",00,Total for all sectors,2012,6,b,D,D
8610000US40359,40359,"ZIP 40359 (Owenton, KY)",00,Total for all sectors,2012,97,1111,9561,36466
8610000US40360,40360,"ZIP 40360 (Owingsville, KY)",00,Total for all sectors,2012,81,715,4741,18133
8610000US40361,40361,"ZIP 40361 (Paris, KY)",00,Total for all sectors,2012,322,5097,45251,192074
8610000US40362,40362,"ZIP 40362 (Paris, KY)",00,Total for all sectors,2012,21,157,875,4344
8610000US40363,40363,"ZIP 40363 (Perry Park, KY)",00,Total for all sectors,2012,4,b,107,764
8610000US40366,40366,"ZIP 40366 (Preston, KY)",00,Total for all sectors,2012,2,a,D,D
8610000US40370,40370,"ZIP 40370 (Sadieville, KY)",00,Total for all sectors,2012,19,64,299,1204
8610000US40371,40371,"ZIP 40371 (Salt Lick, KY)",00,Total for all sectors,2012,34,89,411,2486
8610000US40372,40372,"ZIP 40372 (Salvisa, KY)",00,Total for all sectors,2012,28,91,501,2195
8610000US40374,40374,"ZIP 40374 (Sharpsburg, KY)",00,Total for all sectors,2012,18,136,903,4801
8610000US40376,40376,"ZIP 40376 (Slade, KY)",00,Total for all sectors,2012,11,50,121,829
8610000US40379,40379,"ZIP 40379 (Stamping Ground, KY)",00,Total for all sectors,2012,34,114,674,3006
8610000US40380,40380,"ZIP 40380 (Stanton, KY)",00,Total for all sectors,2012,105,973,6477,25549
8610000US40383,40383,"ZIP 40383 (Versailles, KY)",00,Total for all sectors,2012,483,5496,55387,222947
8610000US40384,40384,"ZIP 40384 (Versailles, KY)",00,Total for all sectors,2012,1,b,D,D
8610000US40385,40385,"ZIP 40385 (Waco, KY)",00,Total for all sectors,2012,24,c,492,2112
8610000US40387,40387,"ZIP 40387 (Wellington, KY)",00,Total for all sectors,2012,9,b,D,D
8610000US40390,40390,"ZIP 40390 (Wilmore, KY)",00,Total for all sectors,2012,84,2058,9098,36811
8610000US40391,40391,"ZIP 40391 (Winchester, KY)",00,Total for all sectors,2012,724,10156,79551,334249
8610000US40392,40392,"ZIP 40392 (Winchester, KY)",00,Total for all sectors,2012,25,601,8475,32701
8610000US40402,40402,"ZIP 40402 (Annville, KY)",00,Total for all sectors,2012,23,237,1235,5005
8610000US40403,40403,"ZIP 40403 (Berea, KY)",00,Total for all sectors,2012,389,5601,45528,182500
8610000US40404,40404,"ZIP 40404 (Berea, KY)",00,Total for all sectors,2012,5,b,D,D
8610000US40405,40405,"ZIP 40405 (Bighill, KY)",00,Total for all sectors,2012,2,b,D,D
8610000US40409,40409,"ZIP 40409 (Brodhead, KY)",00,Total for all sectors,2012,29,301,2101,8467
8610000US40410,40410,"ZIP 40410 (Bryantsville, KY)",00,Total for all sectors,2012,1,a,D,D
8610000US40419,40419,"ZIP 40419 (Crab Orchard, KY)",00,Total for all sectors,2012,26,117,434,1864
8610000US40422,40422,"ZIP 40422 (Danville, KY)",00,Total for all sectors,2012,666,12232,101166,407934
8610000US40423,40423,"ZIP 40423 (Danville, KY)",00,Total for all sectors,2012,36,396,2781,13467
8610000US40434,40434,"ZIP 40434 (Gray Hawk, KY)",00,Total for all sectors,2012,3,22,100,394
8610000US40437,40437,"ZIP 40437 (Hustonville, KY)",00,Total for all sectors,2012,41,239,1193,5435
8610000US40440,40440,"ZIP 40440 (Junction City, KY)",00,Total for all sectors,2012,20,167,968,4104
8610000US40442,40442,"ZIP 40442 (Kings Mountain, KY)",00,Total for all sectors,2012,3,10,42,200
8610000US40444,40444,"ZIP 40444 (Lancaster, KY)",00,Total for all sectors,2012,189,1197,7710,31074
8610000US40445,40445,"ZIP 40445 (Livingston, KY)",00,Total for all sectors,2012,2,a,D,D
8610000US40447,40447,"ZIP 40447 (Mc Kee, KY)",00,Total for all sectors,2012,66,1159,8481,28911
8610000US40448,40448,"ZIP 40448 (Mc Kinney, KY)",00,Total for all sectors,2012,4,31,87,372
8610000US40456,40456,"ZIP 40456 (Mount Vernon, KY)",00,Total for all sectors,2012,188,2151,14335,58942
8610000US40460,40460,"ZIP 40460 (Orlando, KY)",00,Total for all sectors,2012,3,b,D,D
8610000US40461,40461,"ZIP 40461 (Paint Lick, KY)",00,Total for all sectors,2012,29,100,762,3428
8610000US40464,40464,"ZIP 40464 (Parksville, KY)",00,Total for all sectors,2012,5,12,64,311
8610000US40468,40468,"ZIP 40468 (Perryville, KY)",00,Total for all sectors,2012,16,b,S,1030
8610000US40472,40472,"ZIP 40472 (Ravenna, KY)",00,Total for all sectors,2012,17,57,174,846
8610000US40473,40473,"ZIP 40473 (Renfro Valley, KY)",00,Total for all sectors,2012,1,a,D,D
8610000US40475,40475,"ZIP 40475 (Richmond, KY)",00,Total for all sectors,2012,1168,15103,116875,484786
8610000US40476,40476,"ZIP 40476 (Richmond, KY)",00,Total for all sectors,2012,28,1062,11357,45508
8610000US40481,40481,"ZIP 40481 (Sandgap, KY)",00,Total for all sectors,2012,4,16,43,220
8610000US40484,40484,"ZIP 40484 (Stanford, KY)",00,Total for all sectors,2012,207,2456,17734,70021
8610000US40486,40486,"ZIP 40486 (Tyner, KY)",00,Total for all sectors,2012,4,39,275,962
8610000US40489,40489,"ZIP 40489 (Waynesburg, KY)",00,Total for all sectors,2012,33,143,703,2926
8610000US40502,40502,"ZIP 40502 (Lexington, KY)",00,Total for all sectors,2012,631,9103,89100,362562
8610000US40503,40503,"ZIP 40503 (Lexington, KY)",00,Total for all sectors,2012,1437,22770,202084,823762
8610000US40504,40504,"ZIP 40504 (Lexington, KY)",00,Total for all sectors,2012,662,12690,129712,534998
8610000US40505,40505,"ZIP 40505 (Lexington, KY)",00,Total for all sectors,2012,755,14316,191286,708010
8610000US40506,40506,"ZIP 40506 (Lexington, KY)",00,Total for all sectors,2012,19,156,642,2884
8610000US40507,40507,"ZIP 40507 (Lexington, KY)",00,Total for all sectors,2012,616,7836,94227,375943
8610000US40508,40508,"ZIP 40508 (Lexington, KY)",00,Total for all sectors,2012,511,9291,75265,310734
8610000US40509,40509,"ZIP 40509 (Lexington, KY)",00,Total for all sectors,2012,1263,24985,235559,1011373
8610000US40510,40510,"ZIP 40510 (Lexington, KY)",00,Total for all sectors,2012,109,2442,24822,112224
8610000US40511,40511,"ZIP 40511 (Lexington, KY)",00,Total for all sectors,2012,868,23066,262080,1023508
8610000US40512,40512,"ZIP 40512 (Lexington, KY)",00,Total for all sectors,2012,3,b,463,2023
8610000US40513,40513,"ZIP 40513 (Lexington, KY)",00,Total for all sectors,2012,345,4558,41313,169711
8610000US40514,40514,"ZIP 40514 (Lexington, KY)",00,Total for all sectors,2012,117,686,3366,14455
8610000US40515,40515,"ZIP 40515 (Lexington, KY)",00,Total for all sectors,2012,325,2208,13609,58466
8610000US40516,40516,"ZIP 40516 (Lexington, KY)",00,Total for all sectors,2012,39,g,4879,19675
8610000US40517,40517,"ZIP 40517 (Lexington, KY)",00,Total for all sectors,2012,427,5319,39911,165299
8610000US40522,40522,"ZIP 40522 (Lexington, KY)",00,Total for all sectors,2012,13,36,249,945
8610000US40523,40523,"ZIP 40523 (Lexington, KY)",00,Total for all sectors,2012,5,a,D,D
8610000US40524,40524,"ZIP 40524 (Lexington, KY)",00,Total for all sectors,2012,2,a,D,D
8610000US40533,40533,"ZIP 40533 (Lexington, KY)",00,Total for all sectors,2012,2,b,D,D
8610000US40536,40536,"ZIP 40536 (Lexington, KY)",00,Total for all sectors,2012,8,i,D,D
8610000US40544,40544,"ZIP 40544 (Lexington, KY)",00,Total for all sectors,2012,4,a,D,D
8610000US40546,40546,"ZIP 40546 (Lexington, KY)",00,Total for all sectors,2012,2,a,D,D
8610000US40555,40555,"ZIP 40555 (Lexington, KY)",00,Total for all sectors,2012,19,f,2916,12708
8610000US40575,40575,"ZIP 40575 (Lexington, KY)",00,Total for all sectors,2012,3,b,D,D
8610000US40577,40577,"ZIP 40577 (Lexington, KY)",00,Total for all sectors,2012,1,a,D,D
8610000US40578,40578,"ZIP 40578 (Lexington, KY)",00,Total for all sectors,2012,2,a,D,D
8610000US40579,40579,"ZIP 40579 (Lexington, KY)",00,Total for all sectors,2012,2,b,D,D
8610000US40580,40580,"ZIP 40580 (Lexington, KY)",00,Total for all sectors,2012,1,a,D,D
8610000US40581,40581,"ZIP 40581 (Lexington, KY)",00,Total for all sectors,2012,2,b,D,D
8610000US40583,40583,"ZIP 40583 (Lexington, KY)",00,Total for all sectors,2012,9,f,D,D
8610000US40588,40588,"ZIP 40588 (Lexington, KY)",00,Total for all sectors,2012,19,e,D,D
8610000US40591,40591,"ZIP 40591 (Lexington, KY)",00,Total for all sectors,2012,8,23,226,990
8610000US40601,40601,"ZIP 40601 (Frankfort, KY)",00,Total for all sectors,2012,1111,14012,111426,460340
8610000US40602,40602,"ZIP 40602 (Frankfort, KY)",00,Total for all sectors,2012,27,e,D,D
8610000US40603,40603,"ZIP 40603 (Frankfort, KY)",00,Total for all sectors,2012,1,a,D,D
8610000US40604,40604,"ZIP 40604 (Frankfort, KY)",00,Total for all sectors,2012,9,b,299,1161
8610000US40621,40621,"ZIP 40621 (Frankfort, KY)",00,Total for all sectors,2012,1,a,D,D
8610000US40701,40701,"ZIP 40701 (Corbin, KY)",00,Total for all sectors,2012,677,9763,76562,307366
8610000US40702,40702,"ZIP 40702 (Corbin, KY)",00,Total for all sectors,2012,34,1296,11676,38481
8610000US40729,40729,"ZIP 40729 (East Bernstadt, KY)",00,Total for all sectors,2012,46,763,6332,25899
8610000US40734,40734,"ZIP 40734 (Gray, KY)",00,Total for all sectors,2012,34,473,4270,17043
8610000US40737,40737,"ZIP 40737 (Keavy, KY)",00,Total for all sectors,2012,5,a,S,202
8610000US40740,40740,"ZIP 40740 (Lily, KY)",00,Total for all sectors,2012,21,217,1854,7716
8610000US40741,40741,"ZIP 40741 (London, KY)",00,Total for all sectors,2012,724,13499,112975,469481
8610000US40742,40742,"ZIP 40742 (London, KY)",00,Total for all sectors,2012,1,a,D,D
8610000US40743,40743,"ZIP 40743 (London, KY)",00,Total for all sectors,2012,41,1588,12071,52496
8610000US40744,40744,"ZIP 40744 (London, KY)",00,Total for all sectors,2012,163,3045,23519,104104
8610000US40755,40755,"ZIP 40755 (Pittsburg, KY)",00,Total for all sectors,2012,2,b,D,D
8610000US40759,40759,"ZIP 40759 (Rockholds, KY)",00,Total for all sectors,2012,4,9,S,258
8610000US40763,40763,"ZIP 40763 (Siler, KY)",00,Total for all sectors,2012,2,b,D,D
8610000US40769,40769,"ZIP 40769 (Williamsburg, KY)",00,Total for all sectors,2012,217,4314,23934,99529
8610000US40771,40771,"ZIP 40771 (Woodbine, KY)",00,Total for all sectors,2012,7,b,D,D
8610000US40801,40801,"ZIP 40801 (Ages Brookside, KY)",00,Total for all sectors,2012,3,b,D,D
8610000US40803,40803,"ZIP 40803 (Asher, KY)",00,Total for all sectors,2012,3,a,S,124
8610000US40806,40806,"ZIP 40806 (Baxter, KY)",00,Total for all sectors,2012,37,253,1837,7502
8610000US40807,40807,"ZIP 40807 (Benham, KY)",00,Total for all sectors,2012,6,b,S,954
8610000US40808,40808,"ZIP 40808 (Big Laurel, KY)",00,Total for all sectors,2012,3,a,D,D
8610000US40810,40810,"ZIP 40810 (Bledsoe, KY)",00,Total for all sectors,2012,8,115,1010,6485
8610000US40813,40813,"ZIP 40813 (Calvin, KY)",00,Total for all sectors,2012,3,a,D,D
8610000US40815,40815,"ZIP 40815 (Cawood, KY)",00,Total for all sectors,2012,12,b,D,D
8610000US40819,40819,"ZIP 40819 (Coldiron, KY)",00,Total for all sectors,2012,9,c,D,D
8610000US40820,40820,"ZIP 40820 (Cranks, KY)",00,Total for all sectors,2012,5,27,322,1081
8610000US40823,40823,"ZIP 40823 (Cumberland, KY)",00,Total for all sectors,2012,57,1116,10219,35273
8610000US40824,40824,"ZIP 40824 (Dayhoit, KY)",00,Total for all sectors,2012,3,a,D,D
8610000US40827,40827,"ZIP 40827 (Essie, KY)",00,Total for all sectors,2012,2,a,D,D
8610000US40828,40828,"ZIP 40828 (Evarts, KY)",00,Total for all sectors,2012,36,e,3197,12009
8610000US40829,40829,"ZIP 40829 (Grays Knob, KY)",00,Total for all sectors,2012,7,236,3546,12730
8610000US40831,40831,"ZIP 40831 (Harlan, KY)",00,Total for all sectors,2012,232,3065,22630,94985
8610000US40840,40840,"ZIP 40840 (Helton, KY)",00,Total for all sectors,2012,1,a,D,D
8610000US40843,40843,"ZIP 40843 (Holmes Mill, KY)",00,Total for all sectors,2012,2,e,D,D
8610000US40844,40844,"ZIP 40844 (Hoskinston, KY)",00,Total for all sectors,2012,4,18,73,281
8610000US40845,40845,"ZIP 40845 (Hulen, KY)",00,Total for all sectors,2012,2,a,D,D
8610000US40847,40847,"ZIP 40847 (Kenvir, KY)",00,Total for all sectors,2012,1,a,D,D
8610000US40854,40854,"ZIP 40854 (Loyall, KY)",00,Total for all sectors,2012,12,72,369,1562
8610000US40855,40855,"ZIP 40855 (Lynch, KY)",00,Total for all sectors,2012,4,b,D,D
8610000US40856,40856,"ZIP 40856 (Miracle, KY)",00,Total for all sectors,2012,1,a,D,D
8610000US40862,40862,"ZIP 40862 (Partridge, KY)",00,Total for all sectors,2012,3,c,D,D
8610000US40863,40863,"ZIP 40863 (Pathfork, KY)",00,Total for all sectors,2012,3,84,1118,3577
8610000US40865,40865,"ZIP 40865 (Putney, KY)",00,Total for all sectors,2012,4,b,517,883
8610000US40868,40868,"ZIP 40868 (Stinnett, KY)",00,Total for all sectors,2012,5,a,D,D
8610000US40870,40870,"ZIP 40870 (Totz, KY)",00,Total for all sectors,2012,6,b,D,D
8610000US40873,40873,"ZIP 40873 (Wallins Creek, KY)",00,Total for all sectors,2012,13,b,D,D
8610000US40874,40874,"ZIP 40874 (Warbranch, KY)",00,Total for all sectors,2012,1,a,D,D
8610000US40902,40902,"ZIP 40902 (Arjay, KY)",00,Total for all sectors,2012,4,c,D,D
8610000US40903,40903,"ZIP 40903 (Artemus, KY)",00,Total for all sectors,2012,4,a,D,D
8610000US40906,40906,"ZIP 40906 (Barbourville, KY)",00,Total for all sectors,2012,243,3489,23614,91106
8610000US40913,40913,"ZIP 40913 (Beverly, KY)",00,Total for all sectors,2012,6,c,D,D
8610000US40914,40914,"ZIP 40914 (Big Creek, KY)",00,Total for all sectors,2012,5,a,D,D
8610000US40915,40915,"ZIP 40915 (Bimble, KY)",00,Total for all sectors,2012,5,b,141,602
8610000US40921,40921,"ZIP 40921 (Bryants Store, KY)",00,Total for all sectors,2012,2,b,D,D
8610000US40923,40923,"ZIP 40923 (Cannon, KY)",00,Total for all sectors,2012,4,b,D,D
8610000US40927,40927,"ZIP 40927 (Closplint, KY)",00,Total for all sectors,2012,2,a,D,D
8610000US40932,40932,"ZIP 40932 (Fall Rock, KY)",00,Total for all sectors,2012,2,b,D,D
8610000US40935,40935,"ZIP 40935 (Flat Lick, KY)",00,Total for all sectors,2012,15,96,567,2175
8610000US40939,40939,"ZIP 40939 (Fourmile, KY)",00,Total for all sectors,2012,3,b,D,D
8610000US40940,40940,"ZIP 40940 (Frakes, KY)",00,Total for all sectors,2012,4,65,471,1834
8610000US40941,40941,"ZIP 40941 (Garrard, KY)",00,Total for all sectors,2012,2,a,D,D
8610000US40943,40943,"ZIP 40943 (Girdler, KY)",00,Total for all sectors,2012,2,b,D,D
8610000US40946,40946,"ZIP 40946 (Green Road, KY)",00,Total for all sectors,2012,1,b,D,D
8610000US40949,40949,"ZIP 40949 (Heidrick, KY)",00,Total for all sectors,2012,4,a,S,114
8610000US40951,40951,"ZIP 40951 (Hima, KY)",00,Total for all sectors,2012,1,a,D,D
8610000US40953,40953,"ZIP 40953 (Hinkle, KY)",00,Total for all sectors,2012,5,22,38,154
8610000US40955,40955,"ZIP 40955 (Ingram, KY)",00,Total for all sectors,2012,1,a,D,D
8610000US40958,40958,"ZIP 40958 (Kettle Island, KY)",00,Total for all sectors,2012,1,b,D,D
8610000US40962,40962,"ZIP 40962 (Manchester, KY)",00,Total for all sectors,2012,230,2356,14948,63747
8610000US40964,40964,"ZIP 40964 (Mary Alice, KY)",00,Total for all sectors,2012,1,a,D,D
8610000US40965,40965,"ZIP 40965 (Middlesboro, KY)",00,Total for all sectors,2012,371,5186,37131,147623
8610000US40972,40972,"ZIP 40972 (Oneida, KY)",00,Total for all sectors,2012,6,c,D,D
8610000US40977,40977,"ZIP 40977 (Pineville, KY)",00,Total for all sectors,2012,140,1635,11741,46393
8610000US40979,40979,"ZIP 40979 (Roark, KY)",00,Total for all sectors,2012,4,a,128,428
8610000US40983,40983,"ZIP 40983 (Sextons Creek, KY)",00,Total for all sectors,2012,1,a,D,D
8610000US40988,40988,"ZIP 40988 (Stoney Fork, KY)",00,Total for all sectors,2012,9,315,3084,9811
8610000US41001,41001,"ZIP 41001 (Alexandria, KY)",00,Total for all sectors,2012,267,3031,19064,83276
8610000US41002,41002,"ZIP 41002 (Augusta, KY)",00,Total for all sectors,2012,33,527,3943,16635
8610000US41003,41003,"ZIP 41003 (Berry, KY)",00,Total for all sectors,2012,12,b,79,455
8610000US41004,41004,"ZIP 41004 (Brooksville, KY)",00,Total for all sectors,2012,42,225,1189,5010
8610000US41005,41005,"ZIP 41005 (Burlington, KY)",00,Total for all sectors,2012,269,2660,18259,79291
8610000US41006,41006,"ZIP 41006 (Butler, KY)",00,Total for all sectors,2012,64,897,8579,35510
8610000US41007,41007,"ZIP 41007 (California, KY)",00,Total for all sectors,2012,32,176,1040,5150
8610000US41008,41008,"ZIP 41008 (Carrollton, KY)",00,Total for all sectors,2012,188,3027,28498,116088
8610000US41010,41010,"ZIP 41010 (Corinth, KY)",00,Total for all sectors,2012,16,52,246,1152
8610000US41011,41011,"ZIP 41011 (Covington, KY)",00,Total for all sectors,2012,749,9090,83080,311253
8610000US41012,41012,"ZIP 41012 (Covington, KY)",00,Total for all sectors,2012,15,235,3910,33937
8610000US41014,41014,"ZIP 41014 (Covington, KY)",00,Total for all sectors,2012,82,1154,S,41180
8610000US41015,41015,"ZIP 41015 (Latonia, KY)",00,Total for all sectors,2012,262,2716,22130,94672
8610000US41016,41016,"ZIP 41016 (Covington, KY)",00,Total for all sectors,2012,57,536,3391,15407
8610000US41017,41017,"ZIP 41017 (Ft Mitchell, KY)",00,Total for all sectors,2012,968,20528,206868,870939
8610000US41018,41018,"ZIP 41018 (Erlanger, KY)",00,Total for all sectors,2012,672,21089,247139,1048566
8610000US41019,41019,"ZIP 41019 (Covington, KY)",00,Total for all sectors,2012,1,a,D,D
8610000US41022,41022,"ZIP 41022 (Florence, KY)",00,Total for all sectors,2012,21,c,D,D
8610000US41025,41025,"ZIP 41025 (Erlanger, KY)",00,Total for all sectors,2012,1,b,D,D
8610000US41030,41030,"ZIP 41030 (Crittenden, KY)",00,Total for all sectors,2012,72,519,4144,16331
8610000US41031,41031,"ZIP 41031 (Cynthiana, KY)",00,Total for all sectors,2012,270,3976,37963,143953
8610000US41033,41033,"ZIP 41033 (De Mossville, KY)",00,Total for all sectors,2012,13,b,D,D
8610000US41034,41034,"ZIP 41034 (Dover, KY)",00,Total for all sectors,2012,5,b,S,361
8610000US41035,41035,"ZIP 41035 (Dry Ridge, KY)",00,Total for all sectors,2012,171,2258,13336,54391
8610000US41037,41037,"ZIP 41037 (Elizaville, KY)",00,Total for all sectors,2012,1,a,D,D
8610000US41039,41039,"ZIP 41039 (Ewing, KY)",00,Total for all sectors,2012,22,60,296,1317
8610000US41040,41040,"ZIP 41040 (Falmouth, KY)",00,Total for all sectors,2012,105,776,4805,19574
8610000US41041,41041,"ZIP 41041 (Flemingsburg, KY)",00,Total for all sectors,2012,187,1839,12712,54238
8610000US41042,41042,"ZIP 41042 (Florence, KY)",00,Total for all sectors,2012,1629,41654,385747,1585389
8610000US41043,41043,"ZIP 41043 (Foster, KY)",00,Total for all sectors,2012,17,74,S,3435
8610000US41044,41044,"ZIP 41044 (Germantown, KY)",00,Total for all sectors,2012,11,22,181,833
8610000US41045,41045,"ZIP 41045 (Ghent, KY)",00,Total for all sectors,2012,31,2793,52954,188055
8610000US41046,41046,"ZIP 41046 (Glencoe, KY)",00,Total for all sectors,2012,12,87,350,1214
8610000US41048,41048,"ZIP 41048 (Hebron, KY)",00,Total for all sectors,2012,383,16419,142360,573632
8610000US41049,41049,"ZIP 41049 (Hillsboro, KY)",00,Total for all sectors,2012,10,b,100,374
8610000US41051,41051,"ZIP 41051 (Independence, KY)",00,Total for all sectors,2012,244,3259,34084,139259
8610000US41052,41052,"ZIP 41052 (Jonesville, KY)",00,Total for all sectors,2012,4,b,D,D
8610000US41053,41053,"ZIP 41053 (Kenton, KY)",00,Total for all sectors,2012,1,a,D,D
8610000US41055,41055,"ZIP 41055 (Mayslick, KY)",00,Total for all sectors,2012,21,86,318,1159
8610000US41056,41056,"ZIP 41056 (Maysville, KY)",00,Total for all sectors,2012,418,6779,58437,229321
8610000US41059,41059,"ZIP 41059 (Melbourne, KY)",00,Total for all sectors,2012,31,217,1275,5683
8610000US41063,41063,"ZIP 41063 (Morning View, KY)",00,Total for all sectors,2012,22,80,462,2123
8610000US41064,41064,"ZIP 41064 (Mount Olivet, KY)",00,Total for all sectors,2012,21,129,641,2858
8610000US41065,41065,"ZIP 41065 (Muses Mills, KY)",00,Total for all sectors,2012,1,a,D,D
8610000US41071,41071,"ZIP 41071 (Newport, KY)",00,Total for all sectors,2012,492,8057,64559,265608
8610000US41072,41072,"ZIP 41072 (Newport, KY)",00,Total for all sectors,2012,3,b,D,D
8610000US41073,41073,"ZIP 41073 (Bellevue, KY)",00,Total for all sectors,2012,104,1553,9410,37550
8610000US41074,41074,"ZIP 41074 (Dayton, KY)",00,Total for all sectors,2012,57,644,4553,19926
8610000US41075,41075,"ZIP 41075 (Fort Thomas, KY)",00,Total for all sectors,2012,269,3402,29605,130458
8610000US41076,41076,"ZIP 41076 (Newport, KY)",00,Total for all sectors,2012,341,6222,61965,248941
8610000US41080,41080,"ZIP 41080 (Petersburg, KY)",00,Total for all sectors,2012,23,78,587,2639
8610000US41081,41081,"ZIP 41081 (Plummers Landing, KY)",00,Total for all sectors,2012,3,a,D,D
8610000US41083,41083,"ZIP 41083 (Sanders, KY)",00,Total for all sectors,2012,12,141,843,3521
8610000US41085,41085,"ZIP 41085 (Silver Grove, KY)",00,Total for all sectors,2012,15,287,3568,14642
8610000US41086,41086,"ZIP 41086 (Sparta, KY)",00,Total for all sectors,2012,19,182,1230,6526
8610000US41091,41091,"ZIP 41091 (Union, KY)",00,Total for all sectors,2012,200,1179,10277,41313
8610000US41092,41092,"ZIP 41092 (Verona, KY)",00,Total for all sectors,2012,41,260,2259,10241
8610000US41093,41093,"ZIP 41093 (Wallingford, KY)",00,Total for all sectors,2012,15,131,645,2933
8610000US41094,41094,"ZIP 41094 (Walton, KY)",00,Total for all sectors,2012,283,4772,44345,184566
8610000US41095,41095,"ZIP 41095 (Warsaw, KY)",00,Total for all sectors,2012,66,769,5045,19400
8610000US41096,41096,"ZIP 41096 (Washington, KY)",00,Total for all sectors,2012,4,c,D,D
8610000US41097,41097,"ZIP 41097 (Williamstown, KY)",00,Total for all sectors,2012,119,996,8391,33849
8610000US41098,41098,"ZIP 41098 (Worthville, KY)",00,Total for all sectors,2012,6,a,100,416
8610000US41099,41099,"ZIP 41099 (Newport, KY)",00,Total for all sectors,2012,13,c,D,D
8610000US41101,41101,"ZIP 41101 (Ashland, KY)",00,Total for all sectors,2012,821,15589,152089,627201
8610000US41102,41102,"ZIP 41102 (Ashland, KY)",00,Total for all sectors,2012,331,4682,36826,157816
8610000US41105,41105,"ZIP 41105 (Ashland, KY)",00,Total for all sectors,2012,67,832,6789,26616
8610000US41114,41114,"ZIP 41114 (Ashland, KY)",00,Total for all sectors,2012,1,a,D,D
8610000US41121,41121,"ZIP 41121 (Argillite, KY)",00,Total for all sectors,2012,12,b,364,1444
8610000US41124,41124,"ZIP 41124 (Blaine, KY)",00,Total for all sectors,2012,4,a,D,D
8610000US41128,41128,"ZIP 41128 (Carter, KY)",00,Total for all sectors,2012,2,a,D,D
8610000US41129,41129,"ZIP 41129 (Catlettsburg, KY)",00,Total for all sectors,2012,163,2755,39141,177469
8610000US41135,41135,"ZIP 41135 (Emerson, KY)",00,Total for all sectors,2012,1,a,D,D
8610000US41139,41139,"ZIP 41139 (Flatwoods, KY)",00,Total for all sectors,2012,122,1187,6434,26434
8610000US41141,41141,"ZIP 41141 (Garrison, KY)",00,Total for all sectors,2012,16,102,565,2474
8610000US41142,41142,"ZIP 41142 (Grahn, KY)",00,Total for all sectors,2012,1,a,D,D
8610000US41143,41143,"ZIP 41143 (Grayson, KY)",00,Total for all sectors,2012,267,3947,24422,101304
8610000US41144,41144,"ZIP 41144 (Greenup, KY)",00,Total for all sectors,2012,131,1476,11642,48477
8610000US41146,41146,"ZIP 41146 (Hitchins, KY)",00,Total for all sectors,2012,3,b,D,D
8610000US41149,41149,"ZIP 41149 (Isonville, KY)",00,Total for all sectors,2012,1,a,D,D
8610000US41159,41159,"ZIP 41159 (Martha, KY)",00,Total for all sectors,2012,3,a,D,D
8610000US41164,41164,"ZIP 41164 (Olive Hill, KY)",00,Total for all sectors,2012,104,999,4862,19330
8610000US41166,41166,"ZIP 41166 (Quincy, KY)",00,Total for all sectors,2012,3,a,81,396
8610000US41168,41168,"ZIP 41168 (Rush, KY)",00,Total for all sectors,2012,25,221,1735,7959
8610000US41169,41169,"ZIP 41169 (Russell, KY)",00,Total for all sectors,2012,97,680,5140,24435
8610000US41171,41171,"ZIP 41171 (Sandy Hook, KY)",00,Total for all sectors,2012,42,319,2144,9266
8610000US41173,41173,"ZIP 41173 (Soldier, KY)",00,Total for all sectors,2012,3,a,D,D
8610000US41174,41174,"ZIP 41174 (South Portsmouth, KY)",00,Total for all sectors,2012,10,b,S,1490
8610000US41175,41175,"ZIP 41175 (South Shore, KY)",00,Total for all sectors,2012,56,689,6269,27052
8610000US41179,41179,"ZIP 41179 (Vanceburg, KY)",00,Total for all sectors,2012,76,974,6688,27721
8610000US41180,41180,"ZIP 41180 (Webbville, KY)",00,Total for all sectors,2012,2,a,D,D
8610000US41181,41181,"ZIP 41181 (Willard, KY)",00,Total for all sectors,2012,4,b,D,D
8610000US41183,41183,"ZIP 41183 (Worthington, KY)",00,Total for all sectors,2012,37,660,2958,12364
8610000US41189,41189,"ZIP 41189 (Tollesboro, KY)",00,Total for all sectors,2012,23,156,698,3883
8610000US41201,41201,"ZIP 41201 (Adams, KY)",00,Total for all sectors,2012,3,12,128,440
8610000US41203,41203,"ZIP 41203 (Beauty, KY)",00,Total for all sectors,2012,2,a,D,D
8610000US41204,41204,"ZIP 41204 (Boons Camp, KY)",00,Total for all sectors,2012,1,a,D,D
8610000US41214,41214,"ZIP 41214 (Debord, KY)",00,Total for all sectors,2012,18,331,5872,22835
8610000US41216,41216,"ZIP 41216 (East Point, KY)",00,Total for all sectors,2012,9,47,376,1388
8610000US41219,41219,"ZIP 41219 (Flatgap, KY)",00,Total for all sectors,2012,5,a,142,699
8610000US41222,41222,"ZIP 41222 (Hagerhill, KY)",00,Total for all sectors,2012,44,376,3461,15286
8610000US41224,41224,"ZIP 41224 (Inez, KY)",00,Total for all sectors,2012,85,712,3809,16126
8610000US41226,41226,"ZIP 41226 (Keaton, KY)",00,Total for all sectors,2012,1,a,D,D
8610000US41230,41230,"ZIP 41230 (Louisa, KY)",00,Total for all sectors,2012,202,2224,20423,79044
8610000US41231,41231,"ZIP 41231 (Lovely, KY)",00,Total for all sectors,2012,25,768,11140,39178
8610000US41232,41232,"ZIP 41232 (Lowmansville, KY)",00,Total for all sectors,2012,8,b,346,1232
8610000US41234,41234,"ZIP 41234 (Meally, KY)",00,Total for all sectors,2012,2,b,D,D
8610000US41238,41238,"ZIP 41238 (Oil Springs, KY)",00,Total for all sectors,2012,11,74,S,2911
8610000US41240,41240,"ZIP 41240 (Paintsville, KY)",00,Total for all sectors,2012,282,3381,21759,89442
8610000US41250,41250,"ZIP 41250 (Pilgrim, KY)",00,Total for all sectors,2012,7,452,7777,30738
8610000US41254,41254,"ZIP 41254 (River, KY)",00,Total for all sectors,2012,3,a,142,606
8610000US41255,41255,"ZIP 41255 (Sitka, KY)",00,Total for all sectors,2012,9,96,661,2506
8610000US41256,41256,"ZIP 41256 (Staffordsville, KY)",00,Total for all sectors,2012,27,e,D,D
8610000US41257,41257,"ZIP 41257 (Stambaugh, KY)",00,Total for all sectors,2012,1,a,D,D
8610000US41260,41260,"ZIP 41260 (Thelma, KY)",00,Total for all sectors,2012,3,a,32,99
8610000US41262,41262,"ZIP 41262 (Tomahawk, KY)",00,Total for all sectors,2012,7,b,351,1926
8610000US41263,41263,"ZIP 41263 (Tutor Key, KY)",00,Total for all sectors,2012,2,b,D,D
8610000US41264,41264,"ZIP 41264 (Ulysses, KY)",00,Total for all sectors,2012,2,b,D,D
8610000US41265,41265,"ZIP 41265 (Van Lear, KY)",00,Total for all sectors,2012,8,b,191,623
8610000US41267,41267,"ZIP 41267 (Warfield, KY)",00,Total for all sectors,2012,17,122,653,2632
8610000US41268,41268,"ZIP 41268 (West Van Lear, KY)",00,Total for all sectors,2012,3,a,D,D
8610000US41274,41274,"ZIP 41274 (Wittensville, KY)",00,Total for all sectors,2012,6,33,154,564
8610000US41301,41301,"ZIP 41301 (Campton, KY)",00,Total for all sectors,2012,65,450,2537,11157
8610000US41311,41311,"ZIP 41311 (Beattyville, KY)",00,Total for all sectors,2012,95,1386,8142,32697
8610000US41314,41314,"ZIP 41314 (Booneville, KY)",00,Total for all sectors,2012,40,385,2131,8589
8610000US41317,41317,"ZIP 41317 (Clayhole, KY)",00,Total for all sectors,2012,3,a,43,138
8610000US41332,41332,"ZIP 41332 (Hazel Green, KY)",00,Total for all sectors,2012,10,79,562,1889
8610000US41339,41339,"ZIP 41339 (Jackson, KY)",00,Total for all sectors,2012,182,3057,21477,86372
8610000US41347,41347,"ZIP 41347 (Lone, KY)",00,Total for all sectors,2012,1,a,D,D
8610000US41348,41348,"ZIP 41348 (Lost Creek, KY)",00,Total for all sectors,2012,12,63,434,1769
8610000US41352,41352,"ZIP 41352 (Mize, KY)",00,Total for all sectors,2012,6,19,74,432
8610000US41360,41360,"ZIP 41360 (Pine Ridge, KY)",00,Total for all sectors,2012,6,85,373,1649
8610000US41366,41366,"ZIP 41366 (Rousseau, KY)",00,Total for all sectors,2012,1,a,D,D
8610000US41385,41385,"ZIP 41385 (Vancleve, KY)",00,Total for all sectors,2012,5,b,D,D
8610000US41386,41386,"ZIP 41386 (Vincent, KY)",00,Total for all sectors,2012,1,a,D,D
8610000US41390,41390,"ZIP 41390 (Whick, KY)",00,Total for all sectors,2012,2,a,D,D
8610000US41397,41397,"ZIP 41397 (Zoe, KY)",00,Total for all sectors,2012,3,a,35,161
8610000US41413,41413,"ZIP 41413 (Crockett, KY)",00,Total for all sectors,2012,2,b,D,D
8610000US41425,41425,"ZIP 41425 (Ezel, KY)",00,Total for all sectors,2012,3,a,D,D
8610000US41451,41451,"ZIP 41451 (Malone, KY)",00,Total for all sectors,2012,2,b,D,D
8610000US41464,41464,"ZIP 41464 (Royalton, KY)",00,Total for all sectors,2012,3,a,D,D
8610000US41465,41465,"ZIP 41465 (Salyersville, KY)",00,Total for all sectors,2012,156,1380,9850,39437
8610000US41472,41472,"ZIP 41472 (West Liberty, KY)",00,Total for all sectors,2012,152,1930,13941,58375
8610000US41477,41477,"ZIP 41477 (Wrigley, KY)",00,Total for all sectors,2012,2,a,D,D
8610000US41501,41501,"ZIP 41501 (Pikeville, KY)",00,Total for all sectors,2012,791,12961,129862,508013
8610000US41502,41502,"ZIP 41502 (Pikeville, KY)",00,Total for all sectors,2012,75,930,7806,30211
8610000US41503,41503,"ZIP 41503 (South Williamson, KY)",00,Total for all sectors,2012,104,1817,11116,47194
8610000US41512,41512,"ZIP 41512 (Ashcamp, KY)",00,Total for all sectors,2012,8,55,358,1456
8610000US41513,41513,"ZIP 41513 (Belcher, KY)",00,Total for all sectors,2012,8,b,257,1347
8610000US41514,41514,"ZIP 41514 (Belfry, KY)",00,Total for all sectors,2012,59,474,5788,17653
8610000US41517,41517,"ZIP 41517 (Burdine, KY)",00,Total for all sectors,2012,1,a,D,D
8610000US41519,41519,"ZIP 41519 (Canada, KY)",00,Total for all sectors,2012,2,a,D,D
8610000US41520,41520,"ZIP 41520 (Dorton, KY)",00,Total for all sectors,2012,11,b,332,1423
8610000US41522,41522,"ZIP 41522 (Elkhorn City, KY)",00,Total for all sectors,2012,57,396,2992,12629
8610000US41524,41524,"ZIP 41524 (Fedscreek, KY)",00,Total for all sectors,2012,10,493,7873,27604
8610000US41527,41527,"ZIP 41527 (Forest Hills, KY)",00,Total for all sectors,2012,3,20,118,455
8610000US41528,41528,"ZIP 41528 (Freeburn, KY)",00,Total for all sectors,2012,6,b,D,D
8610000US41531,41531,"ZIP 41531 (Hardy, KY)",00,Total for all sectors,2012,3,a,D,D
8610000US41534,41534,"ZIP 41534 (Hellier, KY)",00,Total for all sectors,2012,1,a,D,D
8610000US41537,41537,"ZIP 41537 (Jenkins, KY)",00,Total for all sectors,2012,53,371,3216,11128
8610000US41538,41538,"ZIP 41538 (Jonancy, KY)",00,Total for all sectors,2012,2,a,D,D
8610000US41539,41539,"ZIP 41539 (Kimper, KY)",00,Total for all sectors,2012,15,878,12444,48401
8610000US41542,41542,"ZIP 41542 (Lookout, KY)",00,Total for all sectors,2012,1,a,D,D
8610000US41543,41543,"ZIP 41543 (Mc Andrews, KY)",00,Total for all sectors,2012,5,b,D,D
8610000US41544,41544,"ZIP 41544 (Mc Carr, KY)",00,Total for all sectors,2012,13,b,476,1875
8610000US41547,41547,"ZIP 41547 (Majestic, KY)",00,Total for all sectors,2012,1,a,D,D
8610000US41548,41548,"ZIP 41548 (Mouthcard, KY)",00,Total for all sectors,2012,11,b,408,1589
8610000US41549,41549,"ZIP 41549 (Myra, KY)",00,Total for all sectors,2012,4,c,D,D
8610000US41553,41553,"ZIP 41553 (Phelps, KY)",00,Total for all sectors,2012,44,402,4739,20065
8610000US41554,41554,"ZIP 41554 (Phyllis, KY)",00,Total for all sectors,2012,3,b,D,D
8610000US41557,41557,"ZIP 41557 (Raccoon, KY)",00,Total for all sectors,2012,15,67,564,2443
8610000US41558,41558,"ZIP 41558 (Ransom, KY)",00,Total for all sectors,2012,3,a,D,D
8610000US41559,41559,"ZIP 41559 (Regina, KY)",00,Total for all sectors,2012,12,77,355,1500
8610000US41560,41560,"ZIP 41560 (Robinson Creek, KY)",00,Total for all sectors,2012,10,175,1536,5206
8610000US41561,41561,"ZIP 41561 (Rockhouse, KY)",00,Total for all sectors,2012,2,a,D,D
8610000US41562,41562,"ZIP 41562 (Shelbiana, KY)",00,Total for all sectors,2012,13,b,D,D
8610000US41563,41563,"ZIP 41563 (Shelby Gap, KY)",00,Total for all sectors,2012,8,b,475,1736
8610000US41564,41564,"ZIP 41564 (Sidney, KY)",00,Total for all sectors,2012,11,f,D,D
8610000US41566,41566,"ZIP 41566 (Steele, KY)",00,Total for all sectors,2012,2,b,D,D
8610000US41567,41567,"ZIP 41567 (Stone, KY)",00,Total for all sectors,2012,3,a,D,D
8610000US41568,41568,"ZIP 41568 (Stopover, KY)",00,Total for all sectors,2012,2,a,D,D
8610000US41571,41571,"ZIP 41571 (Varney, KY)",00,Total for all sectors,2012,3,b,D,D
8610000US41572,41572,"ZIP 41572 (Virgie, KY)",00,Total for all sectors,2012,36,158,1510,6538
8610000US41601,41601,"ZIP 41601 (Allen, KY)",00,Total for all sectors,2012,61,592,4253,14592
8610000US41602,41602,"ZIP 41602 (Auxier, KY)",00,Total for all sectors,2012,10,54,766,3943
8610000US41603,41603,"ZIP 41603 (Banner, KY)",00,Total for all sectors,2012,15,c,876,3728
8610000US41604,41604,"ZIP 41604 (Beaver, KY)",00,Total for all sectors,2012,1,a,D,D
8610000US41605,41605,"ZIP 41605 (Betsy Layne, KY)",00,Total for all sectors,2012,20,161,1255,4914
8610000US41606,41606,"ZIP 41606 (Bevinsville, KY)",00,Total for all sectors,2012,5,a,S,76
8610000US41607,41607,"ZIP 41607 (Blue River, KY)",00,Total for all sectors,2012,2,a,D,D
8610000US41612,41612,"ZIP 41612 (Bypro, KY)",00,Total for all sectors,2012,5,a,D,D
8610000US41615,41615,"ZIP 41615 (Dana, KY)",00,Total for all sectors,2012,1,a,D,D
8610000US41616,41616,"ZIP 41616 (David, KY)",00,Total for all sectors,2012,3,a,D,D
8610000US41619,41619,"ZIP 41619 (Drift, KY)",00,Total for all sectors,2012,3,34,263,1496
8610000US41621,41621,"ZIP 41621 (Dwale, KY)",00,Total for all sectors,2012,5,a,41,187
8610000US41622,41622,"ZIP 41622 (Eastern, KY)",00,Total for all sectors,2012,8,b,365,1484
8610000US41630,41630,"ZIP 41630 (Garrett, KY)",00,Total for all sectors,2012,14,b,D,D
8610000US41631,41631,"ZIP 41631 (Grethel, KY)",00,Total for all sectors,2012,3,a,D,D
8610000US41632,41632,"ZIP 41632 (Gunlock, KY)",00,Total for all sectors,2012,2,b,D,D
8610000US41635,41635,"ZIP 41635 (Harold, KY)",00,Total for all sectors,2012,43,287,2575,11083
8610000US41636,41636,"ZIP 41636 (Hi Hat, KY)",00,Total for all sectors,2012,5,b,D,D
8610000US41640,41640,"ZIP 41640 (Hueysville, KY)",00,Total for all sectors,2012,8,c,1114,3078
8610000US41642,41642,"ZIP 41642 (Ivel, KY)",00,Total for all sectors,2012,28,356,2928,11638
8610000US41643,41643,"ZIP 41643 (Lackey, KY)",00,Total for all sectors,2012,6,72,502,2266
8610000US41645,41645,"ZIP 41645 (Langley, KY)",00,Total for all sectors,2012,13,122,1286,5386
8610000US41647,41647,"ZIP 41647 (Mc Dowell, KY)",00,Total for all sectors,2012,24,293,2418,9875
8610000US41649,41649,"ZIP 41649 (Martin, KY)",00,Total for all sectors,2012,70,742,6161,23319
8610000US41650,41650,"ZIP 41650 (Melvin, KY)",00,Total for all sectors,2012,4,a,D,D
8610000US41651,41651,"ZIP 41651 (Minnie, KY)",00,Total for all sectors,2012,11,b,D,D
8610000US41653,41653,"ZIP 41653 (Prestonsburg, KY)",00,Total for all sectors,2012,416,5029,41480,177131
8610000US41655,41655,"ZIP 41655 (Printer, KY)",00,Total for all sectors,2012,5,c,D,D
8610000US41659,41659,"ZIP 41659 (Stanville, KY)",00,Total for all sectors,2012,23,e,2173,8677
8610000US41660,41660,"ZIP 41660 (Teaberry, KY)",00,Total for all sectors,2012,1,a,D,D
8610000US41663,41663,"ZIP 41663 (Tram, KY)",00,Total for all sectors,2012,1,b,D,D
8610000US41666,41666,"ZIP 41666 (Wayland, KY)",00,Total for all sectors,2012,6,a,130,459
8610000US41667,41667,"ZIP 41667 (Weeksbury, KY)",00,Total for all sectors,2012,1,a,D,D
8610000US41669,41669,"ZIP 41669 (Wheelwright, KY)",00,Total for all sectors,2012,4,c,D,D
8610000US41701,41701,"ZIP 41701 (Hazard, KY)",00,Total for all sectors,2012,517,8663,74637,301519
8610000US41702,41702,"ZIP 41702 (Hazard, KY)",00,Total for all sectors,2012,32,e,D,D
8610000US41712,41712,"ZIP 41712 (Ary, KY)",00,Total for all sectors,2012,2,a,D,D
8610000US41713,41713,"ZIP 41713 (Avawam, KY)",00,Total for all sectors,2012,2,a,D,D
8610000US41714,41714,"ZIP 41714 (Bear Branch, KY)",00,Total for all sectors,2012,4,b,D,D
8610000US41719,41719,"ZIP 41719 (Bonnyman, KY)",00,Total for all sectors,2012,13,79,393,1386
8610000US41721,41721,"ZIP 41721 (Buckhorn, KY)",00,Total for all sectors,2012,7,c,513,2109
8610000US41722,41722,"ZIP 41722 (Bulan, KY)",00,Total for all sectors,2012,11,f,D,D
8610000US41723,41723,"ZIP 41723 (Busy, KY)",00,Total for all sectors,2012,5,a,47,136
8610000US41725,41725,"ZIP 41725 (Carrie, KY)",00,Total for all sectors,2012,4,b,184,685
8610000US41727,41727,"ZIP 41727 (Chavies, KY)",00,Total for all sectors,2012,16,659,5371,25862
8610000US41729,41729,"ZIP 41729 (Combs, KY)",00,Total for all sectors,2012,5,a,85,254
8610000US41731,41731,"ZIP 41731 (Cornettsville, KY)",00,Total for all sectors,2012,10,79,763,2191
8610000US41735,41735,"ZIP 41735 (Delphia, KY)",00,Total for all sectors,2012,1,a,D,D
8610000US41739,41739,"ZIP 41739 (Dwarf, KY)",00,Total for all sectors,2012,2,a,D,D
8610000US41740,41740,"ZIP 41740 (Emmalena, KY)",00,Total for all sectors,2012,8,b,D,D
8610000US41743,41743,"ZIP 41743 (Fisty, KY)",00,Total for all sectors,2012,1,a,D,D
8610000US41745,41745,"ZIP 41745 (Gays Creek, KY)",00,Total for all sectors,2012,1,a,D,D
8610000US41746,41746,"ZIP 41746 (Happy, KY)",00,Total for all sectors,2012,7,b,S,935
8610000US41749,41749,"ZIP 41749 (Hyden, KY)",00,Total for all sectors,2012,66,819,6273,27064
8610000US41751,41751,"ZIP 41751 (Jeff, KY)",00,Total for all sectors,2012,7,b,275,1254
8610000US41754,41754,"ZIP 41754 (Krypton, KY)",00,Total for all sectors,2012,4,a,D,D
8610000US41759,41759,"ZIP 41759 (Sassafras, KY)",00,Total for all sectors,2012,4,a,S,73
8610000US41760,41760,"ZIP 41760 (Scuddy, KY)",00,Total for all sectors,2012,5,b,300,1313
8610000US41763,41763,"ZIP 41763 (Slemp, KY)",00,Total for all sectors,2012,4,27,210,758
8610000US41766,41766,"ZIP 41766 (Thousandsticks, KY)",00,Total for all sectors,2012,2,a,D,D
8610000US41772,41772,"ZIP 41772 (Vest, KY)",00,Total for all sectors,2012,1,a,D,D
8610000US41773,41773,"ZIP 41773 (Vicco, KY)",00,Total for all sectors,2012,9,b,D,D
8610000US41774,41774,"ZIP 41774 (Viper, KY)",00,Total for all sectors,2012,8,38,273,1339
8610000US41776,41776,"ZIP 41776 (Wooton, KY)",00,Total for all sectors,2012,7,b,279,1606
8610000US41777,41777,"ZIP 41777 (Yeaddiss, KY)",00,Total for all sectors,2012,3,b,D,D
8610000US41804,41804,"ZIP 41804 (Blackey, KY)",00,Total for all sectors,2012,2,a,D,D
8610000US41810,41810,"ZIP 41810 (Cromona, KY)",00,Total for all sectors,2012,2,a,D,D
8610000US41812,41812,"ZIP 41812 (Deane, KY)",00,Total for all sectors,2012,5,b,D,D
8610000US41815,41815,"ZIP 41815 (Ermine, KY)",00,Total for all sectors,2012,4,21,101,409
8610000US41817,41817,"ZIP 41817 (Garner, KY)",00,Total for all sectors,2012,2,a,D,D
8610000US41819,41819,"ZIP 41819 (Gordon, KY)",00,Total for all sectors,2012,2,a,D,D
8610000US41821,41821,"ZIP 41821 (Hallie, KY)",00,Total for all sectors,2012,1,a,D,D
8610000US41822,41822,"ZIP 41822 (Hindman, KY)",00,Total for all sectors,2012,80,820,5339,22326
8610000US41824,41824,"ZIP 41824 (Isom, KY)",00,Total for all sectors,2012,25,217,1578,6888
8610000US41826,41826,"ZIP 41826 (Jeremiah, KY)",00,Total for all sectors,2012,11,69,490,1993
8610000US41828,41828,"ZIP 41828 (Kite, KY)",00,Total for all sectors,2012,14,36,261,870
8610000US41831,41831,"ZIP 41831 (Leburn, KY)",00,Total for all sectors,2012,7,b,D,D
8610000US41833,41833,"ZIP 41833 (Linefork, KY)",00,Total for all sectors,2012,3,a,D,D
8610000US41834,41834,"ZIP 41834 (Littcarr, KY)",00,Total for all sectors,2012,6,b,D,D
8610000US41835,41835,"ZIP 41835 (Mc Roberts, KY)",00,Total for all sectors,2012,1,a,D,D
8610000US41836,41836,"ZIP 41836 (Mallie, KY)",00,Total for all sectors,2012,2,a,D,D
8610000US41837,41837,"ZIP 41837 (Mayking, KY)",00,Total for all sectors,2012,8,185,1146,4111
8610000US41839,41839,"ZIP 41839 (Mousie, KY)",00,Total for all sectors,2012,7,b,S,710
8610000US41840,41840,"ZIP 41840 (Neon, KY)",00,Total for all sectors,2012,22,197,1990,8000
8610000US41843,41843,"ZIP 41843 (Pine Top, KY)",00,Total for all sectors,2012,7,b,283,774
8610000US41844,41844,"ZIP 41844 (Pippa Passes, KY)",00,Total for all sectors,2012,9,e,D,D
8610000US41845,41845,"ZIP 41845 (Premium, KY)",00,Total for all sectors,2012,6,a,132,767
8610000US41847,41847,"ZIP 41847 (Redfox, KY)",00,Total for all sectors,2012,9,b,D,D
8610000US41848,41848,"ZIP 41848 (Roxana, KY)",00,Total for all sectors,2012,1,a,D,D
8610000US41855,41855,"ZIP 41855 (Thornton, KY)",00,Total for all sectors,2012,1,a,D,D
8610000US41858,41858,"ZIP 41858 (Whitesburg, KY)",00,Total for all sectors,2012,189,3119,28129,105181
8610000US41859,41859,"ZIP 41859 (Dema, KY)",00,Total for all sectors,2012,2,a,D,D
8610000US41861,41861,"ZIP 41861 (Raven, KY)",00,Total for all sectors,2012,2,a,D,D
8610000US41862,41862,"ZIP 41862 (Topmost, KY)",00,Total for all sectors,2012,3,a,D,D
8610000US42001,42001,"ZIP 42001 (Paducah, KY)",00,Total for all sectors,2012,1171,21356,197111,765825
8610000US42002,42002,"ZIP 42002 (Paducah, KY)",00,Total for all sectors,2012,88,2414,23295,103208
8610000US42003,42003,"ZIP 42003 (Paducah, KY)",00,Total for all sectors,2012,771,9436,80576,347594
8610000US42020,42020,"ZIP 42020 (Almo, KY)",00,Total for all sectors,2012,17,158,1173,5161
8610000US42021,42021,"ZIP 42021 (Arlington, KY)",00,Total for all sectors,2012,17,172,819,3739
8610000US42022,42022,"ZIP 42022 (Bandana, KY)",00,Total for all sectors,2012,1,a,D,D
8610000US42023,42023,"ZIP 42023 (Bardwell, KY)",00,Total for all sectors,2012,41,312,1705,7352
8610000US42024,42024,"ZIP 42024 (Barlow, KY)",00,Total for all sectors,2012,18,c,D,D
8610000US42025,42025,"ZIP 42025 (Benton, KY)",00,Total for all sectors,2012,381,3789,23142,102595
8610000US42027,42027,"ZIP 42027 (Boaz, KY)",00,Total for all sectors,2012,29,99,451,2076
8610000US42028,42028,"ZIP 42028 (Burna, KY)",00,Total for all sectors,2012,4,a,75,233
8610000US42029,42029,"ZIP 42029 (Calvert City, KY)",00,Total for all sectors,2012,180,4303,63035,257138
8610000US42031,42031,"ZIP 42031 (Clinton, KY)",00,Total for all sectors,2012,75,676,3995,17308
8610000US42032,42032,"ZIP 42032 (Columbus, KY)",00,Total for all sectors,2012,3,c,D,D
8610000US42033,42033,"ZIP 42033 (Crayne, KY)",00,Total for all sectors,2012,1,a,D,D
8610000US42035,42035,"ZIP 42035 (Cunningham, KY)",00,Total for all sectors,2012,18,75,459,2021
8610000US42036,42036,"ZIP 42036 (Dexter, KY)",00,Total for all sectors,2012,5,a,S,112
8610000US42038,42038,"ZIP 42038 (Eddyville, KY)",00,Total for all sectors,2012,99,589,3770,16489
8610000US42039,42039,"ZIP 42039 (Fancy Farm, KY)",00,Total for all sectors,2012,13,79,655,2461
8610000US42040,42040,"ZIP 42040 (Farmington, KY)",00,Total for all sectors,2012,12,b,D,D
8610000US42041,42041,"ZIP 42041 (Fulton, KY)",00,Total for all sectors,2012,91,1229,9523,40832
8610000US42044,42044,"ZIP 42044 (Gilbertsville, KY)",00,Total for all sectors,2012,33,c,1032,4834
8610000US42045,42045,"ZIP 42045 (Grand Rivers, KY)",00,Total for all sectors,2012,50,778,6289,35235
8610000US42047,42047,"ZIP 42047 (Hampton, KY)",00,Total for all sectors,2012,2,a,D,D
8610000US42048,42048,"ZIP 42048 (Hardin, KY)",00,Total for all sectors,2012,37,225,996,4518
8610000US42049,42049,"ZIP 42049 (Hazel, KY)",00,Total for all sectors,2012,22,80,348,1393
8610000US42050,42050,"ZIP 42050 (Hickman, KY)",00,Total for all sectors,2012,44,434,5422,16255
8610000US42051,42051,"ZIP 42051 (Hickory, KY)",00,Total for all sectors,2012,33,g,D,D
8610000US42053,42053,"ZIP 42053 (Kevil, KY)",00,Total for all sectors,2012,58,752,10928,42801
8610000US42054,42054,"ZIP 42054 (Kirksey, KY)",00,Total for all sectors,2012,9,25,100,433
8610000US42055,42055,"ZIP 42055 (Kuttawa, KY)",00,Total for all sectors,2012,40,482,2396,10941
8610000US42056,42056,"ZIP 42056 (La Center, KY)",00,Total for all sectors,2012,39,324,1866,8479
8610000US42058,42058,"ZIP 42058 (Ledbetter, KY)",00,Total for all sectors,2012,25,422,3435,13718
8610000US42060,42060,"ZIP 42060 (Lovelaceville, KY)",00,Total for all sectors,2012,1,a,D,D
8610000US42061,42061,"ZIP 42061 (Lowes, KY)",00,Total for all sectors,2012,3,a,D,D
8610000US42064,42064,"ZIP 42064 (Marion, KY)",00,Total for all sectors,2012,154,1682,9349,39737
8610000US42066,42066,"ZIP 42066 (Mayfield, KY)",00,Total for all sectors,2012,568,7300,50313,208457
8610000US42069,42069,"ZIP 42069 (Melber, KY)",00,Total for all sectors,2012,19,99,583,2823
8610000US42070,42070,"ZIP 42070 (Milburn, KY)",00,Total for all sectors,2012,1,a,D,D
8610000US42071,42071,"ZIP 42071 (Murray, KY)",00,Total for all sectors,2012,779,13453,88381,363097
8610000US42076,42076,"ZIP 42076 (New Concord, KY)",00,Total for all sectors,2012,11,79,337,1433
8610000US42078,42078,"ZIP 42078 (Salem, KY)",00,Total for all sectors,2012,39,534,4978,19365
8610000US42079,42079,"ZIP 42079 (Sedalia, KY)",00,Total for all sectors,2012,15,109,632,2373
8610000US42081,42081,"ZIP 42081 (Smithland, KY)",00,Total for all sectors,2012,32,218,1602,6548
8610000US42082,42082,"ZIP 42082 (Symsonia, KY)",00,Total for all sectors,2012,15,71,336,1414
8610000US42083,42083,"ZIP 42083 (Tiline, KY)",00,Total for all sectors,2012,2,a,D,D
8610000US42085,42085,"ZIP 42085 (Water Valley, KY)",00,Total for all sectors,2012,6,b,136,506
8610000US42086,42086,"ZIP 42086 (West Paducah, KY)",00,Total for all sectors,2012,45,401,3305,16300
8610000US42087,42087,"ZIP 42087 (Wickliffe, KY)",00,Total for all sectors,2012,41,f,14609,58120
8610000US42088,42088,"ZIP 42088 (Wingo, KY)",00,Total for all sectors,2012,23,80,322,1379
8610000US42101,42101,"ZIP 42101 (Bowling Green, KY)",00,Total for all sectors,2012,1259,23927,231985,955986
8610000US42102,42102,"ZIP 42102 (Bowling Green, KY)",00,Total for all sectors,2012,100,3823,61813,223638
8610000US42103,42103,"ZIP 42103 (Bowling Green, KY)",00,Total for all sectors,2012,411,4114,35680,147470
8610000US42104,42104,"ZIP 42104 (Bowling Green, KY)",00,Total for all sectors,2012,899,13593,77196,317808
8610000US42120,42120,"ZIP 42120 (Adolphus, KY)",00,Total for all sectors,2012,10,27,114,559
8610000US42122,42122,"ZIP 42122 (Alvaton, KY)",00,Total for all sectors,2012,45,c,1012,3102
8610000US42123,42123,"ZIP 42123 (Austin, KY)",00,Total for all sectors,2012,8,32,96,706
8610000US42124,42124,"ZIP 42124 (Beaumont, KY)",00,Total for all sectors,2012,1,a,D,D
8610000US42127,42127,"ZIP 42127 (Cave City, KY)",00,Total for all sectors,2012,102,835,3633,16057
8610000US42129,42129,"ZIP 42129 (Edmonton, KY)",00,Total for all sectors,2012,93,1033,6276,25621
8610000US42131,42131,"ZIP 42131 (Etoile, KY)",00,Total for all sectors,2012,1,a,D,D
8610000US42133,42133,"ZIP 42133 (Fountain Run, KY)",00,Total for all sectors,2012,19,c,S,6580
8610000US42134,42134,"ZIP 42134 (Franklin, KY)",00,Total for all sectors,2012,321,6447,49531,208755
8610000US42135,42135,"ZIP 42135 (Franklin, KY)",00,Total for all sectors,2012,26,585,4771,23264
8610000US42140,42140,"ZIP 42140 (Gamaliel, KY)",00,Total for all sectors,2012,20,c,949,3841
8610000US42141,42141,"ZIP 42141 (Glasgow, KY)",00,Total for all sectors,2012,667,11829,94588,395551
8610000US42142,42142,"ZIP 42142 (Glasgow, KY)",00,Total for all sectors,2012,25,536,4610,19090
8610000US42151,42151,"ZIP 42151 (Hestand, KY)",00,Total for all sectors,2012,2,a,D,D
8610000US42152,42152,"ZIP 42152 (Hiseville, KY)",00,Total for all sectors,2012,6,b,D,D
8610000US42154,42154,"ZIP 42154 (Knob Lick, KY)",00,Total for all sectors,2012,2,a,D,D
8610000US42156,42156,"ZIP 42156 (Lucas, KY)",00,Total for all sectors,2012,3,14,67,351
8610000US42157,42157,"ZIP 42157 (Mount Hermon, KY)",00,Total for all sectors,2012,1,a,D,D
8610000US42159,42159,"ZIP 42159 (Oakland, KY)",00,Total for all sectors,2012,9,c,D,D
8610000US42160,42160,"ZIP 42160 (Park City, KY)",00,Total for all sectors,2012,22,214,1376,6514
8610000US42163,42163,"ZIP 42163 (Rocky Hill, KY)",00,Total for all sectors,2012,2,a,D,D
8610000US42164,42164,"ZIP 42164 (Scottsville, KY)",00,Total for all sectors,2012,211,2992,20567,79248
8610000US42166,42166,"ZIP 42166 (Summer Shade, KY)",00,Total for all sectors,2012,21,311,2426,10671
8610000US42167,42167,"ZIP 42167 (Tompkinsville, KY)",00,Total for all sectors,2012,153,1888,12216,52278
8610000US42170,42170,"ZIP 42170 (Woodburn, KY)",00,Total for all sectors,2012,19,322,2866,12193
8610000US42171,42171,"ZIP 42171 (Smiths Grove, KY)",00,Total for all sectors,2012,77,627,3345,10634
8610000US42201,42201,"ZIP 42201 (Aberdeen, KY)",00,Total for all sectors,2012,1,a,D,D
8610000US42202,42202,"ZIP 42202 (Adairville, KY)",00,Total for all sectors,2012,22,b,300,1177
8610000US42204,42204,"ZIP 42204 (Allensville, KY)",00,Total for all sectors,2012,5,b,S,825
8610000US42206,42206,"ZIP 42206 (Auburn, KY)",00,Total for all sectors,2012,63,530,3352,14992
8610000US42207,42207,"ZIP 42207 (Bee Spring, KY)",00,Total for all sectors,2012,8,29,147,568
8610000US42210,42210,"ZIP 42210 (Brownsville, KY)",00,Total for all sectors,2012,62,489,2712,11489
8610000US42211,42211,"ZIP 42211 (Cadiz, KY)",00,Total for all sectors,2012,223,2103,12766,52307
8610000US42214,42214,"ZIP 42214 (Center, KY)",00,Total for all sectors,2012,2,a,D,D
8610000US42215,42215,"ZIP 42215 (Cerulean, KY)",00,Total for all sectors,2012,9,a,S,302
8610000US42216,42216,"ZIP 42216 (Clifty, KY)",00,Total for all sectors,2012,3,a,D,D
8610000US42217,42217,"ZIP 42217 (Crofton, KY)",00,Total for all sectors,2012,45,206,930,3984
8610000US42219,42219,"ZIP 42219 (Dunbar, KY)",00,Total for all sectors,2012,2,a,D,D
8610000US42220,42220,"ZIP 42220 (Elkton, KY)",00,Total for all sectors,2012,120,1026,5873,24918
8610000US42221,42221,"ZIP 42221 (Fairview, KY)",00,Total for all sectors,2012,1,a,D,D
8610000US42223,42223,"ZIP 42223 (Fort Campbell, KY)",00,Total for all sectors,2012,106,2618,26722,109672
8610000US42232,42232,"ZIP 42232 (Gracey, KY)",00,Total for all sectors,2012,10,24,99,449
8610000US42234,42234,"ZIP 42234 (Guthrie, KY)",00,Total for all sectors,2012,47,406,2935,10931
8610000US42236,42236,"ZIP 42236 (Herndon, KY)",00,Total for all sectors,2012,8,29,181,833
8610000US42240,42240,"ZIP 42240 (Hopkinsville, KY)",00,Total for all sectors,2012,978,17731,141472,579273
8610000US42241,42241,"ZIP 42241 (Hopkinsville, KY)",00,Total for all sectors,2012,42,1262,9522,38445
8610000US42256,42256,"ZIP 42256 (Lewisburg, KY)",00,Total for all sectors,2012,42,216,1374,6025
8610000US42259,42259,"ZIP 42259 (Mammoth Cave, KY)",00,Total for all sectors,2012,10,b,D,D
8610000US42261,42261,"ZIP 42261 (Morgantown, KY)",00,Total for all sectors,2012,170,1807,12563,51407
8610000US42262,42262,"ZIP 42262 (Oak Grove, KY)",00,Total for all sectors,2012,111,2140,15301,59926
8610000US42265,42265,"ZIP 42265 (Olmstead, KY)",00,Total for all sectors,2012,4,10,34,207
8610000US42266,42266,"ZIP 42266 (Pembroke, KY)",00,Total for all sectors,2012,33,233,1345,5772
8610000US42273,42273,"ZIP 42273 (Rochester, KY)",00,Total for all sectors,2012,2,a,D,D
8610000US42274,42274,"ZIP 42274 (Rockfield, KY)",00,Total for all sectors,2012,13,68,284,1290
8610000US42275,42275,"ZIP 42275 (Roundhill, KY)",00,Total for all sectors,2012,2,a,D,D
8610000US42276,42276,"ZIP 42276 (Russellville, KY)",00,Total for all sectors,2012,360,5268,45123,186346
8610000US42280,42280,"ZIP 42280 (Sharon Grove, KY)",00,Total for all sectors,2012,3,a,D,D
8610000US42285,42285,"ZIP 42285 (Sweeden, KY)",00,Total for all sectors,2012,3,22,120,514
8610000US42286,42286,"ZIP 42286 (Trenton, KY)",00,Total for all sectors,2012,14,52,373,1776
8610000US42301,42301,"ZIP 42301 (Owensboro, KY)",00,Total for all sectors,2012,1085,21968,165603,671127
8610000US42302,42302,"ZIP 42302 (Owensboro, KY)",00,Total for all sectors,2012,57,1308,9123,38826
8610000US42303,42303,"ZIP 42303 (Owensboro, KY)",00,Total for all sectors,2012,954,16370,139693,603778
8610000US42304,42304,"ZIP 42304 (Owensboro, KY)",00,Total for all sectors,2012,14,320,3310,14745
8610000US42320,42320,"ZIP 42320 (Beaver Dam, KY)",00,Total for all sectors,2012,144,3893,21290,91858
8610000US42321,42321,"ZIP 42321 (Beech Creek, KY)",00,Total for all sectors,2012,5,b,D,D
8610000US42322,42322,"ZIP 42322 (Beech Grove, KY)",00,Total for all sectors,2012,1,b,D,D
8610000US42323,42323,"ZIP 42323 (Beechmont, KY)",00,Total for all sectors,2012,21,192,S,5997
8610000US42324,42324,"ZIP 42324 (Belton, KY)",00,Total for all sectors,2012,4,a,D,D
8610000US42325,42325,"ZIP 42325 (Bremen, KY)",00,Total for all sectors,2012,16,61,369,1555
8610000US42327,42327,"ZIP 42327 (Calhoun, KY)",00,Total for all sectors,2012,71,481,2905,12112
8610000US42328,42328,"ZIP 42328 (Centertown, KY)",00,Total for all sectors,2012,11,c,D,D
8610000US42330,42330,"ZIP 42330 (Central City, KY)",00,Total for all sectors,2012,215,2389,20931,85555
8610000US42332,42332,"ZIP 42332 (Cleaton, KY)",00,Total for all sectors,2012,2,a,D,D
8610000US42333,42333,"ZIP 42333 (Cromwell, KY)",00,Total for all sectors,2012,7,51,348,1640
8610000US42337,42337,"ZIP 42337 (Drakesboro, KY)",00,Total for all sectors,2012,17,c,656,3391
8610000US42338,42338,"ZIP 42338 (Dundee, KY)",00,Total for all sectors,2012,5,38,350,1467
8610000US42339,42339,"ZIP 42339 (Dunmor, KY)",00,Total for all sectors,2012,7,59,305,1117
8610000US42343,42343,"ZIP 42343 (Fordsville, KY)",00,Total for all sectors,2012,25,472,2911,13156
8610000US42344,42344,"ZIP 42344 (Graham, KY)",00,Total for all sectors,2012,13,266,2248,10900
8610000US42345,42345,"ZIP 42345 (Greenville, KY)",00,Total for all sectors,2012,207,2391,16184,65799
8610000US42347,42347,"ZIP 42347 (Hartford, KY)",00,Total for all sectors,2012,128,1120,8283,33408
8610000US42348,42348,"ZIP 42348 (Hawesville, KY)",00,Total for all sectors,2012,70,2096,31932,130403
8610000US42349,42349,"ZIP 42349 (Horse Branch, KY)",00,Total for all sectors,2012,6,43,413,1803
8610000US42350,42350,"ZIP 42350 (Island, KY)",00,Total for all sectors,2012,14,69,386,1734
8610000US42351,42351,"ZIP 42351 (Lewisport, KY)",00,Total for all sectors,2012,56,627,4760,19981
8610000US42352,42352,"ZIP 42352 (Livermore, KY)",00,Total for all sectors,2012,41,391,3035,12602
8610000US42354,42354,"ZIP 42354 (Mc Henry, KY)",00,Total for all sectors,2012,3,b,D,D
8610000US42355,42355,"ZIP 42355 (Maceo, KY)",00,Total for all sectors,2012,19,101,915,2969
8610000US42356,42356,"ZIP 42356 (Maple Mount, KY)",00,Total for all sectors,2012,1,b,D,D
8610000US42361,42361,"ZIP 42361 (Olaton, KY)",00,Total for all sectors,2012,8,b,322,1181
8610000US42366,42366,"ZIP 42366 (Philpot, KY)",00,Total for all sectors,2012,61,f,D,D
8610000US42367,42367,"ZIP 42367 (Powderly, KY)",00,Total for all sectors,2012,38,392,2421,9247
8610000US42368,42368,"ZIP 42368 (Reynolds Station, KY)",00,Total for all sectors,2012,2,a,D,D
8610000US42369,42369,"ZIP 42369 (Rockport, KY)",00,Total for all sectors,2012,1,a,D,D
8610000US42371,42371,"ZIP 42371 (Rumsey, KY)",00,Total for all sectors,2012,3,a,99,552
8610000US42372,42372,"ZIP 42372 (Sacramento, KY)",00,Total for all sectors,2012,31,158,821,3704
8610000US42374,42374,"ZIP 42374 (South Carrollton, KY)",00,Total for all sectors,2012,3,145,851,4064
8610000US42376,42376,"ZIP 42376 (Utica, KY)",00,Total for all sectors,2012,57,249,1561,6320
8610000US42378,42378,"ZIP 42378 (Whitesville, KY)",00,Total for all sectors,2012,41,226,1260,5280
8610000US42404,42404,"ZIP 42404 (Clay, KY)",00,Total for all sectors,2012,29,393,3997,17512
8610000US42406,42406,"ZIP 42406 (Corydon, KY)",00,Total for all sectors,2012,31,144,1080,4723
8610000US42408,42408,"ZIP 42408 (Dawson Springs, KY)",00,Total for all sectors,2012,72,893,7409,25790
8610000US42409,42409,"ZIP 42409 (Dixon, KY)",00,Total for all sectors,2012,34,256,1843,7955
8610000US42410,42410,"ZIP 42410 (Earlington, KY)",00,Total for all sectors,2012,20,e,D,D
8610000US42411,42411,"ZIP 42411 (Fredonia, KY)",00,Total for all sectors,2012,31,185,1455,5843
8610000US42413,42413,"ZIP 42413 (Hanson, KY)",00,Total for all sectors,2012,29,f,D,D
8610000US42419,42419,"ZIP 42419 (Henderson, KY)",00,Total for all sectors,2012,36,286,3054,12889
8610000US42420,42420,"ZIP 42420 (Henderson, KY)",00,Total for all sectors,2012,925,14201,129811,485089
8610000US42431,42431,"ZIP 42431 (Madisonville, KY)",00,Total for all sectors,2012,783,13201,138537,565103
8610000US42436,42436,"ZIP 42436 (Manitou, KY)",00,Total for all sectors,2012,5,a,D,D
8610000US42437,42437,"ZIP 42437 (Morganfield, KY)",00,Total for all sectors,2012,167,2355,19017,72929
8610000US42440,42440,"ZIP 42440 (Mortons Gap, KY)",00,Total for all sectors,2012,6,52,228,948
8610000US42441,42441,"ZIP 42441 (Nebo, KY)",00,Total for all sectors,2012,13,e,D,D
8610000US42442,42442,"ZIP 42442 (Nortonville, KY)",00,Total for all sectors,2012,34,172,1043,5052
8610000US42444,42444,"ZIP 42444 (Poole, KY)",00,Total for all sectors,2012,9,b,D,D
8610000US42445,42445,"ZIP 42445 (Princeton, KY)",00,Total for all sectors,2012,245,3430,23680,105697
8610000US42450,42450,"ZIP 42450 (Providence, KY)",00,Total for all sectors,2012,70,569,3972,16914
8610000US42451,42451,"ZIP 42451 (Reed, KY)",00,Total for all sectors,2012,4,a,D,D
8610000US42452,42452,"ZIP 42452 (Robards, KY)",00,Total for all sectors,2012,22,2240,26779,99474
8610000US42453,42453,"ZIP 42453 (Saint Charles, KY)",00,Total for all sectors,2012,4,a,D,D
8610000US42455,42455,"ZIP 42455 (Sebree, KY)",00,Total for all sectors,2012,55,881,9725,23081
8610000US42456,42456,"ZIP 42456 (Slaughters, KY)",00,Total for all sectors,2012,12,60,499,2279
8610000US42457,42457,"ZIP 42457 (Smith Mills, KY)",00,Total for all sectors,2012,1,a,D,D
8610000US42458,42458,"ZIP 42458 (Spottsville, KY)",00,Total for all sectors,2012,8,b,D,D
8610000US42459,42459,"ZIP 42459 (Sturgis, KY)",00,Total for all sectors,2012,75,768,7946,31476
8610000US42460,42460,"ZIP 42460 (Sullivan, KY)",00,Total for all sectors,2012,2,a,D,D
8610000US42461,42461,"ZIP 42461 (Uniontown, KY)",00,Total for all sectors,2012,23,e,S,10906
8610000US42462,42462,"ZIP 42462 (Waverly, KY)",00,Total for all sectors,2012,18,1185,26784,99128
8610000US42463,42463,"ZIP 42463 (Wheatcroft, KY)",00,Total for all sectors,2012,2,b,D,D
8610000US42464,42464,"ZIP 42464 (White Plains, KY)",00,Total for all sectors,2012,15,77,505,2298
8610000US42501,42501,"ZIP 42501 (Somerset, KY)",00,Total for all sectors,2012,724,10510,72531,301911
8610000US42502,42502,"ZIP 42502 (Somerset, KY)",00,Total for all sectors,2012,35,832,4912,20242
8610000US42503,42503,"ZIP 42503 (Somerset, KY)",00,Total for all sectors,2012,453,6729,63968,259407
8610000US42516,42516,"ZIP 42516 (Bethelridge, KY)",00,Total for all sectors,2012,1,a,D,D
8610000US42518,42518,"ZIP 42518 (Bronston, KY)",00,Total for all sectors,2012,29,c,1631,7667
8610000US42519,42519,"ZIP 42519 (Burnside, KY)",00,Total for all sectors,2012,26,e,D,D
8610000US42528,42528,"ZIP 42528 (Dunnville, KY)",00,Total for all sectors,2012,17,686,5150,20688
8610000US42533,42533,"ZIP 42533 (Ferguson, KY)",00,Total for all sectors,2012,14,b,D,D
8610000US42539,42539,"ZIP 42539 (Liberty, KY)",00,Total for all sectors,2012,179,1996,11379,46901
8610000US42541,42541,"ZIP 42541 (Middleburg, KY)",00,Total for all sectors,2012,7,b,D,D
8610000US42544,42544,"ZIP 42544 (Nancy, KY)",00,Total for all sectors,2012,47,244,964,4481
8610000US42553,42553,"ZIP 42553 (Science Hill, KY)",00,Total for all sectors,2012,41,223,1504,5100
8610000US42558,42558,"ZIP 42558 (Tateville, KY)",00,Total for all sectors,2012,2,a,D,D
8610000US42564,42564,"ZIP 42564 (West Somerset, KY)",00,Total for all sectors,2012,4,c,D,D
8610000US42565,42565,"ZIP 42565 (Windsor, KY)",00,Total for all sectors,2012,5,b,230,1078
8610000US42566,42566,"ZIP 42566 (Yosemite, KY)",00,Total for all sectors,2012,4,32,128,557
8610000US42567,42567,"ZIP 42567 (Eubank, KY)",00,Total for all sectors,2012,46,367,1863,7156
8610000US42602,42602,"ZIP 42602 (Albany, KY)",00,Total for all sectors,2012,186,3163,19186,81787
8610000US42603,42603,"ZIP 42603 (Alpha, KY)",00,Total for all sectors,2012,2,a,D,D
8610000US42629,42629,"ZIP 42629 (Jamestown, KY)",00,Total for all sectors,2012,85,1728,13275,53326
8610000US42631,42631,"ZIP 42631 (Marshes Siding, KY)",00,Total for all sectors,2012,1,a,D,D
8610000US42633,42633,"ZIP 42633 (Monticello, KY)",00,Total for all sectors,2012,279,3840,24974,98987
8610000US42634,42634,"ZIP 42634 (Parkers Lake, KY)",00,Total for all sectors,2012,4,31,140,631
8610000US42635,42635,"ZIP 42635 (Pine Knot, KY)",00,Total for all sectors,2012,33,314,1612,7166
8610000US42638,42638,"ZIP 42638 (Revelo, KY)",00,Total for all sectors,2012,2,a,D,D
8610000US42642,42642,"ZIP 42642 (Russell Springs, KY)",00,Total for all sectors,2012,284,3765,23058,95117
8610000US42647,42647,"ZIP 42647 (Stearns, KY)",00,Total for all sectors,2012,24,259,1226,5473
8610000US42649,42649,"ZIP 42649 (Strunk, KY)",00,Total for all sectors,2012,3,a,74,227
8610000US42653,42653,"ZIP 42653 (Whitley City, KY)",00,Total for all sectors,2012,85,811,4762,18859
8610000US42701,42701,"ZIP 42701 (Elizabethtown, KY)",00,Total for all sectors,2012,1432,24658,189135,781760
8610000US42702,42702,"ZIP 42702 (Elizabethtown, KY)",00,Total for all sectors,2012,41,1118,8467,37045
8610000US42712,42712,"ZIP 42712 (Big Clifty, KY)",00,Total for all sectors,2012,18,54,343,1619
8610000US42713,42713,"ZIP 42713 (Bonnieville, KY)",00,Total for all sectors,2012,12,120,594,2517
8610000US42715,42715,"ZIP 42715 (Breeding, KY)",00,Total for all sectors,2012,3,15,53,208
8610000US42716,42716,"ZIP 42716 (Buffalo, KY)",00,Total for all sectors,2012,12,36,S,452
8610000US42717,42717,"ZIP 42717 (Burkesville, KY)",00,Total for all sectors,2012,106,1124,7796,33572
8610000US42718,42718,"ZIP 42718 (Campbellsville, KY)",00,Total for all sectors,2012,613,9350,60019,248366
8610000US42719,42719,"ZIP 42719 (Campbellsville, KY)",00,Total for all sectors,2012,24,161,1140,4697
8610000US42721,42721,"ZIP 42721 (Caneyville, KY)",00,Total for all sectors,2012,51,305,1735,7447
8610000US42722,42722,"ZIP 42722 (Canmer, KY)",00,Total for all sectors,2012,3,a,33,93
8610000US42724,42724,"ZIP 42724 (Cecilia, KY)",00,Total for all sectors,2012,53,450,3446,15717
8610000US42726,42726,"ZIP 42726 (Clarkson, KY)",00,Total for all sectors,2012,59,428,2507,11298
8610000US42728,42728,"ZIP 42728 (Columbia, KY)",00,Total for all sectors,2012,299,4274,23301,98467
8610000US42729,42729,"ZIP 42729 (Cub Run, KY)",00,Total for all sectors,2012,16,88,248,1381
8610000US42732,42732,"ZIP 42732 (Eastview, KY)",00,Total for all sectors,2012,14,33,134,797
8610000US42733,42733,"ZIP 42733 (Elk Horn, KY)",00,Total for all sectors,2012,6,a,59,267
8610000US42740,42740,"ZIP 42740 (Glendale, KY)",00,Total for all sectors,2012,28,370,1673,7039
8610000US42741,42741,"ZIP 42741 (Glens Fork, KY)",00,Total for all sectors,2012,1,a,D,D
8610000US42743,42743,"ZIP 42743 (Greensburg, KY)",00,Total for all sectors,2012,141,1188,7218,30739
8610000US42746,42746,"ZIP 42746 (Hardyville, KY)",00,Total for all sectors,2012,6,33,201,893
8610000US42748,42748,"ZIP 42748 (Hodgenville, KY)",00,Total for all sectors,2012,169,1312,7701,35713
8610000US42749,42749,"ZIP 42749 (Horse Cave, KY)",00,Total for all sectors,2012,86,2663,21177,88992
8610000US42753,42753,"ZIP 42753 (Knifley, KY)",00,Total for all sectors,2012,5,20,82,282
8610000US42754,42754,"ZIP 42754 (Leitchfield, KY)",00,Total for all sectors,2012,320,4926,34216,140173
8610000US42755,42755,"ZIP 42755 (Leitchfield, KY)",00,Total for all sectors,2012,16,169,792,3224
8610000US42757,42757,"ZIP 42757 (Magnolia, KY)",00,Total for all sectors,2012,26,103,1098,4320
8610000US42758,42758,"ZIP 42758 (Mannsville, KY)",00,Total for all sectors,2012,3,a,S,271
8610000US42759,42759,"ZIP 42759 (Marrowbone, KY)",00,Total for all sectors,2012,4,31,171,738
8610000US42762,42762,"ZIP 42762 (Millwood, KY)",00,Total for all sectors,2012,6,56,427,2109
8610000US42764,42764,"ZIP 42764 (Mount Sherman, KY)",00,Total for all sectors,2012,4,a,D,D
8610000US42765,42765,"ZIP 42765 (Munfordville, KY)",00,Total for all sectors,2012,128,986,5296,22646
8610000US42776,42776,"ZIP 42776 (Sonora, KY)",00,Total for all sectors,2012,31,286,2047,8610
8610000US42782,42782,"ZIP 42782 (Summersville, KY)",00,Total for all sectors,2012,9,22,70,293
8610000US42784,42784,"ZIP 42784 (Upton, KY)",00,Total for all sectors,2012,36,174,804,4463
8610000US42788,42788,"ZIP 42788 (White Mills, KY)",00,Total for all sectors,2012,2,a,D,D
